[{"model": "admin.logentry", "pk": 1, "fields": {"action_time": "2022-06-20T09:46:12.898Z", "user": 1, "content_type": 10, "object_id": "1", "object_repr": "Legacy", "action_flag": 1, "change_message": "[{\"added\": {}}]"}}, {"model": "admin.logentry", "pk": 2, "fields": {"action_time": "2022-06-20T09:46:21.547Z", "user": 1, "content_type": 10, "object_id": "2", "object_repr": "Modern", "action_flag": 1, "change_message": "[{\"added\": {}}]"}}, {"model": "admin.logentry", "pk": 3, "fields": {"action_time": "2022-06-20T09:46:44.043Z", "user": 1, "content_type": 7, "object_id": "1", "object_repr": "Vial", "action_flag": 1, "change_message": "[{\"added\": {}}]"}}, {"model": "admin.logentry", "pk": 4, "fields": {"action_time": "2022-06-20T09:46:52.003Z", "user": 1, "content_type": 7, "object_id": "2", "object_repr": "Tempo", "action_flag": 1, "change_message": "[{\"added\": {}}]"}}, {"model": "admin.logentry", "pk": 5, "fields": {"action_time": "2022-06-20T09:47:53.999Z", "user": 1, "content_type": 11, "object_id": "1", "object_repr": "Death and Taxes", "action_flag": 1, "change_message": "[{\"added\": {}}]"}}, {"model": "admin.logentry", "pk": 6, "fields": {"action_time": "2022-06-20T09:48:16.959Z", "user": 1, "content_type": 11, "object_id": "2", "object_repr": "Goblins", "action_flag": 1, "change_message": "[{\"added\": {}}]"}}, {"model": "admin.logentry", "pk": 7, "fields": {"action_time": "2022-06-20T09:49:02.448Z", "user": 1, "content_type": 11, "object_id": "3", "object_repr": "Delver", "action_flag": 1, "change_message": "[{\"added\": {}}]"}}, {"model": "admin.logentry", "pk": 8, "fields": {"action_time": "2022-06-20T09:49:26.495Z", "user": 1, "content_type": 8, "object_id": "1", "object_repr": "Food Chain", "action_flag": 1, "change_message": "[{\"added\": {}}]"}}, {"model": "admin.logentry", "pk": 9, "fields": {"action_time": "2022-06-20T09:49:40.404Z", "user": 1, "content_type": 8, "object_id": "2", "object_repr": "Snoop", "action_flag": 1, "change_message": "[{\"added\": {}}]"}}, {"model": "admin.logentry", "pk": 10, "fields": {"action_time": "2022-06-20T09:57:21.496Z", "user": 1, "content_type": 9, "object_id": "1", "object_repr": "Legacy League with Goblins by samus_ssp on 2022-06-20 09:56:37+00:00", "action_flag": 1, "change_message": "[{\"added\": {}}]"}}, {"model": "admin.logentry", "pk": 11, "fields": {"action_time": "2022-06-20T11:32:43.873Z", "user": 1, "content_type": 9, "object_id": "1", "object_repr": "Legacy League with Goblins by samus_ssp on 2022-06-20 09:56:37+00:00", "action_flag": 2, "change_message": "[{\"changed\": {\"fields\": [\"Finished\"]}}]"}}, {"model": "admin.logentry", "pk": 12, "fields": {"action_time": "2022-06-20T11:35:08.995Z", "user": 1, "content_type": 9, "object_id": "2", "object_repr": "Legacy League with Death and Taxes by samus_ssp on 2022-06-20 11:32:52+00:00", "action_flag": 2, "change_message": "[{\"changed\": {\"fields\": [\"MtgoUserName\", \"Finished\"]}}]"}}, {"model": "admin.logentry", "pk": 13, "fields": {"action_time": "2022-06-20T12:33:07.362Z", "user": 1, "content_type": 9, "object_id": "3", "object_repr": "Legacy League with Death and Taxes by None on 2022-06-20 12:26:22.883647+00:00", "action_flag": 3, "change_message": ""}}, {"model": "admin.logentry", "pk": 14, "fields": {"action_time": "2022-06-20T12:33:07.406Z", "user": 1, "content_type": 9, "object_id": "2", "object_repr": "Legacy League with Death and Taxes by samus_ssp on 2022-06-20 11:32:52+00:00", "action_flag": 3, "change_message": ""}}, {"model": "admin.logentry", "pk": 15, "fields": {"action_time": "2022-06-20T12:33:07.417Z", "user": 1, "content_type": 9, "object_id": "1", "object_repr": "Legacy League with Goblins by samus_ssp on 2022-06-20 09:56:37+00:00", "action_flag": 3, "change_message": ""}}, {"model": "admin.logentry", "pk": 16, "fields": {"action_time": "2022-06-20T12:33:19.105Z", "user": 1, "content_type": 9, "object_id": "4", "object_repr": "Legacy League with Death and Taxes by samus_ssp on 2022-06-20 12:33:09+00:00", "action_flag": 1, "change_message": "[{\"added\": {}}]"}}, {"model": "admin.logentry", "pk": 17, "fields": {"action_time": "2022-06-20T12:34:44.108Z", "user": 1, "content_type": 9, "object_id": "4", "object_repr": "Legacy League with Death and Taxes by samus_ssp on 2022-06-20 12:33:09+00:00", "action_flag": 2, "change_message": "[{\"changed\": {\"fields\": [\"Finished\"]}}]"}}, {"model": "admin.logentry", "pk": 18, "fields": {"action_time": "2022-06-20T12:38:27.737Z", "user": 1, "content_type": 9, "object_id": "5", "object_repr": "Legacy League with Delver by None on 2022-06-20 12:34:55.840551+00:00", "action_flag": 3, "change_message": ""}}, {"model": "admin.logentry", "pk": 19, "fields": {"action_time": "2022-06-20T12:38:27.781Z", "user": 1, "content_type": 9, "object_id": "4", "object_repr": "Legacy League with Death and Taxes by samus_ssp on 2022-06-20 12:33:09+00:00", "action_flag": 3, "change_message": ""}}, {"model": "admin.logentry", "pk": 20, "fields": {"action_time": "2022-06-20T12:38:39.386Z", "user": 1, "content_type": 9, "object_id": "6", "object_repr": "Legacy League with Delver by samus_ssp on 2022-06-20 12:38:29+00:00", "action_flag": 1, "change_message": "[{\"added\": {}}]"}}, {"model": "admin.logentry", "pk": 21, "fields": {"action_time": "2022-06-20T12:40:46.146Z", "user": 1, "content_type": 9, "object_id": "6", "object_repr": "Legacy League with Delver by samus_ssp on 2022-06-20 12:38:29+00:00", "action_flag": 2, "change_message": "[{\"changed\": {\"fields\": [\"Finished\"]}}]"}}, {"model": "admin.logentry", "pk": 22, "fields": {"action_time": "2022-06-20T12:45:11.418Z", "user": 1, "content_type": 9, "object_id": "7", "object_repr": "Legacy League with Delver by samus_ssp on 2022-06-20 12:41:05+00:00", "action_flag": 2, "change_message": "[{\"changed\": {\"fields\": [\"MtgoUserName\", \"Finished\"]}}]"}}, {"model": "admin.logentry", "pk": 23, "fields": {"action_time": "2022-06-20T12:51:57.047Z", "user": 1, "content_type": 9, "object_id": "8", "object_repr": "Legacy League with Death and Taxes by dummy on 2022-06-20 12:45:56+00:00", "action_flag": 2, "change_message": "[{\"changed\": {\"fields\": [\"Finished\"]}}]"}}, {"model": "admin.logentry", "pk": 24, "fields": {"action_time": "2022-06-21T01:01:48.593Z", "user": 1, "content_type": 10, "object_id": "3", "object_repr": "Vintage", "action_flag": 1, "change_message": "[{\"added\": {}}]"}}, {"model": "admin.logentry", "pk": 25, "fields": {"action_time": "2022-06-21T01:01:58.992Z", "user": 1, "content_type": 7, "object_id": "3", "object_repr": "Tinker", "action_flag": 1, "change_message": "[{\"added\": {}}]"}}, {"model": "admin.logentry", "pk": 26, "fields": {"action_time": "2022-06-21T01:02:17.799Z", "user": 1, "content_type": 11, "object_id": "4", "object_repr": "Esper", "action_flag": 1, "change_message": "[{\"added\": {}}]"}}, {"model": "admin.logentry", "pk": 27, "fields": {"action_time": "2022-06-21T01:02:33.957Z", "user": 1, "content_type": 11, "object_id": "5", "object_repr": "Izzit", "action_flag": 1, "change_message": "[{\"added\": {}}]"}}, {"model": "admin.logentry", "pk": 28, "fields": {"action_time": "2022-06-21T01:30:04.430Z", "user": 1, "content_type": 13, "object_id": "1", "object_repr": "sam Profile", "action_flag": 1, "change_message": "[{\"added\": {}}]"}}, {"model": "admin.logentry", "pk": 29, "fields": {"action_time": "2022-06-21T01:49:26.704Z", "user": 1, "content_type": 8, "object_id": "3", "object_repr": "none", "action_flag": 1, "change_message": "[{\"added\": {}}]"}}, {"model": "admin.logentry", "pk": 30, "fields": {"action_time": "2022-06-21T01:49:32.432Z", "user": 1, "content_type": 8, "object_id": "4", "object_repr": "none", "action_flag": 1, "change_message": "[{\"added\": {}}]"}}, {"model": "admin.logentry", "pk": 31, "fields": {"action_time": "2022-06-21T01:49:48.021Z", "user": 1, "content_type": 8, "object_id": "5", "object_repr": "UR", "action_flag": 1, "change_message": "[{\"added\": {}}]"}}, {"model": "admin.logentry", "pk": 32, "fields": {"action_time": "2022-06-21T01:49:54.357Z", "user": 1, "content_type": 8, "object_id": "6", "object_repr": "RUG", "action_flag": 1, "change_message": "[{\"added\": {}}]"}}, {"model": "admin.logentry", "pk": 33, "fields": {"action_time": "2022-06-21T01:57:57.236Z", "user": 1, "content_type": 13, "object_id": "1", "object_repr": "sam Profile", "action_flag": 2, "change_message": "[{\"changed\": {\"fields\": [\"RecentDeck\", \"RecentFlavor\"]}}]"}}, {"model": "admin.logentry", "pk": 34, "fields": {"action_time": "2022-06-21T07:42:16.157Z", "user": 1, "content_type": 7, "object_id": "4", "object_repr": "Aggro", "action_flag": 1, "change_message": "[{\"added\": {}}]"}}, {"model": "admin.logentry", "pk": 35, "fields": {"action_time": "2022-06-21T07:42:24.792Z", "user": 1, "content_type": 7, "object_id": "5", "object_repr": "Graveyard", "action_flag": 1, "change_message": "[{\"added\": {}}]"}}, {"model": "admin.logentry", "pk": 36, "fields": {"action_time": "2022-06-21T07:42:39.102Z", "user": 1, "content_type": 7, "object_id": "6", "object_repr": "Land", "action_flag": 1, "change_message": "[{\"added\": {}}]"}}, {"model": "admin.logentry", "pk": 37, "fields": {"action_time": "2022-06-21T07:42:55.628Z", "user": 1, "content_type": 7, "object_id": "7", "object_repr": "Midrange/Control", "action_flag": 1, "change_message": "[{\"added\": {}}]"}}, {"model": "admin.logentry", "pk": 38, "fields": {"action_time": "2022-06-21T07:43:08.229Z", "user": 1, "content_type": 7, "object_id": "8", "object_repr": "non-Blue", "action_flag": 1, "change_message": "[{\"added\": {}}]"}}, {"model": "admin.logentry", "pk": 39, "fields": {"action_time": "2022-06-21T07:43:16.381Z", "user": 1, "content_type": 7, "object_id": "9", "object_repr": "Permanent Combo", "action_flag": 1, "change_message": "[{\"added\": {}}]"}}, {"model": "admin.logentry", "pk": 40, "fields": {"action_time": "2022-06-21T07:43:23.783Z", "user": 1, "content_type": 7, "object_id": "10", "object_repr": "Spell Combo", "action_flag": 1, "change_message": "[{\"added\": {}}]"}}, {"model": "admin.logentry", "pk": 41, "fields": {"action_time": "2022-06-21T07:43:32.102Z", "user": 1, "content_type": 7, "object_id": "11", "object_repr": "Stompy", "action_flag": 1, "change_message": "[{\"added\": {}}]"}}, {"model": "admin.logentry", "pk": 42, "fields": {"action_time": "2022-06-21T07:44:46.096Z", "user": 1, "content_type": 11, "object_id": "6", "object_repr": "Stasis", "action_flag": 3, "change_message": ""}}, {"model": "admin.logentry", "pk": 43, "fields": {"action_time": "2022-06-21T07:59:12.147Z", "user": 1, "content_type": 9, "object_id": "13", "object_repr": "Legacy League with Goblins by dummy on 2022-06-21 06:06:04.658355+00:00", "action_flag": 3, "change_message": ""}}, {"model": "admin.logentry", "pk": 44, "fields": {"action_time": "2022-06-21T07:59:12.173Z", "user": 1, "content_type": 9, "object_id": "12", "object_repr": "Legacy League with Death and Taxes by dummy on 2022-06-21 05:44:57.813386+00:00", "action_flag": 3, "change_message": ""}}, {"model": "admin.logentry", "pk": 45, "fields": {"action_time": "2022-06-21T07:59:12.182Z", "user": 1, "content_type": 9, "object_id": "11", "object_repr": "Legacy League with Death and Taxes by dummy on 2022-06-20 12:57:01.265181+00:00", "action_flag": 3, "change_message": ""}}, {"model": "admin.logentry", "pk": 46, "fields": {"action_time": "2022-06-21T07:59:12.189Z", "user": 1, "content_type": 9, "object_id": "10", "object_repr": "Legacy League with Death and Taxes by dummy on 2022-06-20 12:54:17.319927+00:00", "action_flag": 3, "change_message": ""}}, {"model": "admin.logentry", "pk": 47, "fields": {"action_time": "2022-06-21T07:59:12.197Z", "user": 1, "content_type": 9, "object_id": "9", "object_repr": "Legacy League with Death and Taxes by dummy on 2022-06-20 12:53:20.834174+00:00", "action_flag": 3, "change_message": ""}}, {"model": "admin.logentry", "pk": 48, "fields": {"action_time": "2022-06-21T07:59:12.204Z", "user": 1, "content_type": 9, "object_id": "8", "object_repr": "Legacy League with Death and Taxes by dummy on 2022-06-20 12:45:56+00:00", "action_flag": 3, "change_message": ""}}, {"model": "admin.logentry", "pk": 49, "fields": {"action_time": "2022-06-21T07:59:12.211Z", "user": 1, "content_type": 9, "object_id": "7", "object_repr": "Legacy League with Delver by samus_ssp on 2022-06-20 12:41:05+00:00", "action_flag": 3, "change_message": ""}}, {"model": "admin.logentry", "pk": 50, "fields": {"action_time": "2022-06-21T07:59:12.217Z", "user": 1, "content_type": 9, "object_id": "6", "object_repr": "Legacy League with Delver by samus_ssp on 2022-06-20 12:38:29+00:00", "action_flag": 3, "change_message": ""}}, {"model": "admin.logentry", "pk": 51, "fields": {"action_time": "2022-06-21T07:59:56.726Z", "user": 1, "content_type": 9, "object_id": "14", "object_repr": "Legacy League with Stasis by samus_ssp on 2022-06-21 07:59:49+00:00", "action_flag": 1, "change_message": "[{\"added\": {}}]"}}, {"model": "admin.logentry", "pk": 52, "fields": {"action_time": "2022-06-21T08:11:11.749Z", "user": 1, "content_type": 11, "object_id": "8", "object_repr": "Death's Shadow", "action_flag": 1, "change_message": "[{\"added\": {}}]"}}, {"model": "admin.logentry", "pk": 53, "fields": {"action_time": "2022-06-26T08:54:14.241Z", "user": 1, "content_type": 8, "object_id": "8", "object_repr": "bog boys", "action_flag": 3, "change_message": ""}}, {"model": "admin.logentry", "pk": 54, "fields": {"action_time": "2022-06-29T23:13:30.991Z", "user": 1, "content_type": 11, "object_id": "25", "object_repr": "asdfasf", "action_flag": 3, "change_message": ""}}, {"model": "admin.logentry", "pk": 55, "fields": {"action_time": "2022-06-29T23:13:31.009Z", "user": 1, "content_type": 11, "object_id": "24", "object_repr": "wwwwer", "action_flag": 3, "change_message": ""}}, {"model": "admin.logentry", "pk": 56, "fields": {"action_time": "2022-06-29T23:13:31.014Z", "user": 1, "content_type": 11, "object_id": "23", "object_repr": "wwwwer", "action_flag": 3, "change_message": ""}}, {"model": "admin.logentry", "pk": 57, "fields": {"action_time": "2022-06-29T23:13:31.019Z", "user": 1, "content_type": 11, "object_id": "22", "object_repr": "wwwwer", "action_flag": 3, "change_message": ""}}, {"model": "admin.logentry", "pk": 58, "fields": {"action_time": "2022-06-29T23:13:31.025Z", "user": 1, "content_type": 11, "object_id": "21", "object_repr": "sssd", "action_flag": 3, "change_message": ""}}, {"model": "admin.logentry", "pk": 59, "fields": {"action_time": "2022-06-29T23:13:31.031Z", "user": 1, "content_type": 11, "object_id": "20", "object_repr": "superduper dredge", "action_flag": 3, "change_message": ""}}, {"model": "admin.logentry", "pk": 60, "fields": {"action_time": "2022-06-29T23:13:31.038Z", "user": 1, "content_type": 11, "object_id": "19", "object_repr": "super dredge", "action_flag": 3, "change_message": ""}}, {"model": "admin.logentry", "pk": 61, "fields": {"action_time": "2022-06-29T23:13:31.043Z", "user": 1, "content_type": 11, "object_id": "18", "object_repr": "super dredge", "action_flag": 3, "change_message": ""}}, {"model": "admin.logentry", "pk": 62, "fields": {"action_time": "2022-06-29T23:13:31.049Z", "user": 1, "content_type": 11, "object_id": "17", "object_repr": "super dredge", "action_flag": 3, "change_message": ""}}, {"model": "admin.logentry", "pk": 63, "fields": {"action_time": "2022-06-29T23:13:31.055Z", "user": 1, "content_type": 11, "object_id": "16", "object_repr": "super dredge", "action_flag": 3, "change_message": ""}}, {"model": "admin.logentry", "pk": 64, "fields": {"action_time": "2022-06-29T23:13:31.060Z", "user": 1, "content_type": 11, "object_id": "15", "object_repr": "super dredge", "action_flag": 3, "change_message": ""}}, {"model": "admin.logentry", "pk": 65, "fields": {"action_time": "2022-06-29T23:13:31.066Z", "user": 1, "content_type": 11, "object_id": "14", "object_repr": "super dredge", "action_flag": 3, "change_message": ""}}, {"model": "admin.logentry", "pk": 66, "fields": {"action_time": "2022-06-30T05:29:17.091Z", "user": 1, "content_type": 9, "object_id": "20", "object_repr": "Legacy League with 8 wack by dummy on 2022-06-30 05:13:03.109674+00:00", "action_flag": 3, "change_message": ""}}, {"model": "admin.logentry", "pk": 67, "fields": {"action_time": "2022-06-30T05:29:17.104Z", "user": 1, "content_type": 9, "object_id": "19", "object_repr": "Legacy League with 8 wack by dummy on 2022-06-30 05:07:48.777305+00:00", "action_flag": 3, "change_message": ""}}, {"model": "admin.logentry", "pk": 68, "fields": {"action_time": "2022-06-30T05:29:17.117Z", "user": 1, "content_type": 9, "object_id": "18", "object_repr": "Legacy League with Death and Taxes by dummy on 2022-06-29 23:10:25.544628+00:00", "action_flag": 3, "change_message": ""}}, {"model": "admin.logentry", "pk": 69, "fields": {"action_time": "2022-06-30T05:29:17.127Z", "user": 1, "content_type": 9, "object_id": "17", "object_repr": "Legacy League with Death and Taxes by dummy on 2022-06-29 05:23:57.287066+00:00", "action_flag": 3, "change_message": ""}}, {"model": "admin.logentry", "pk": 70, "fields": {"action_time": "2022-06-30T05:29:17.138Z", "user": 1, "content_type": 9, "object_id": "16", "object_repr": "Legacy League with Death and Taxes by dummy on 2022-06-29 05:07:32.409152+00:00", "action_flag": 3, "change_message": ""}}, {"model": "admin.logentry", "pk": 71, "fields": {"action_time": "2022-06-30T05:29:17.150Z", "user": 1, "content_type": 9, "object_id": "15", "object_repr": "Legacy League with Goblins by dummy on 2022-06-21 14:15:24.070647+00:00", "action_flag": 3, "change_message": ""}}, {"model": "admin.logentry", "pk": 72, "fields": {"action_time": "2022-06-30T05:29:17.158Z", "user": 1, "content_type": 9, "object_id": "14", "object_repr": "Legacy League with Stasis by samus_ssp on 2022-06-21 07:59:49+00:00", "action_flag": 3, "change_message": ""}}, {"model": "admin.logentry", "pk": 73, "fields": {"action_time": "2022-06-30T05:29:26.732Z", "user": 1, "content_type": 11, "object_id": "26", "object_repr": "8 wack", "action_flag": 3, "change_message": ""}}, {"model": "admin.logentry", "pk": 74, "fields": {"action_time": "2022-06-30T05:29:26.769Z", "user": 1, "content_type": 11, "object_id": "13", "object_repr": "Esper Control", "action_flag": 3, "change_message": ""}}, {"model": "admin.logentry", "pk": 75, "fields": {"action_time": "2022-06-30T05:29:26.783Z", "user": 1, "content_type": 11, "object_id": "12", "object_repr": "UW Control / Miracles", "action_flag": 3, "change_message": ""}}, {"model": "admin.logentry", "pk": 76, "fields": {"action_time": "2022-06-30T05:29:26.794Z", "user": 1, "content_type": 11, "object_id": "11", "object_repr": "Elves", "action_flag": 3, "change_message": ""}}, {"model": "admin.logentry", "pk": 77, "fields": {"action_time": "2022-06-30T05:29:26.805Z", "user": 1, "content_type": 11, "object_id": "10", "object_repr": "Humans3", "action_flag": 3, "change_message": ""}}, {"model": "admin.logentry", "pk": 78, "fields": {"action_time": "2022-06-30T05:29:26.818Z", "user": 1, "content_type": 11, "object_id": "9", "object_repr": "Humans2", "action_flag": 3, "change_message": ""}}, {"model": "admin.logentry", "pk": 79, "fields": {"action_time": "2022-06-30T05:29:26.829Z", "user": 1, "content_type": 11, "object_id": "8", "object_repr": "Death's Shadow", "action_flag": 3, "change_message": ""}}, {"model": "admin.logentry", "pk": 80, "fields": {"action_time": "2022-06-30T05:29:26.839Z", "user": 1, "content_type": 11, "object_id": "7", "object_repr": "Stasis", "action_flag": 3, "change_message": ""}}, {"model": "admin.logentry", "pk": 81, "fields": {"action_time": "2022-06-30T05:29:26.848Z", "user": 1, "content_type": 11, "object_id": "5", "object_repr": "Izzit", "action_flag": 3, "change_message": ""}}, {"model": "admin.logentry", "pk": 82, "fields": {"action_time": "2022-06-30T05:29:26.857Z", "user": 1, "content_type": 11, "object_id": "4", "object_repr": "Esper", "action_flag": 3, "change_message": ""}}, {"model": "admin.logentry", "pk": 83, "fields": {"action_time": "2022-06-30T05:29:26.865Z", "user": 1, "content_type": 11, "object_id": "3", "object_repr": "Delver", "action_flag": 3, "change_message": ""}}, {"model": "admin.logentry", "pk": 84, "fields": {"action_time": "2022-06-30T05:29:26.876Z", "user": 1, "content_type": 11, "object_id": "2", "object_repr": "Goblins", "action_flag": 3, "change_message": ""}}, {"model": "admin.logentry", "pk": 85, "fields": {"action_time": "2022-06-30T05:29:26.884Z", "user": 1, "content_type": 11, "object_id": "1", "object_repr": "Death and Taxes", "action_flag": 3, "change_message": ""}}, {"model": "admin.logentry", "pk": 86, "fields": {"action_time": "2022-06-30T05:29:40.450Z", "user": 1, "content_type": 7, "object_id": "8", "object_repr": "non-Blue", "action_flag": 3, "change_message": ""}}, {"model": "admin.logentry", "pk": 87, "fields": {"action_time": "2022-06-30T05:30:32.685Z", "user": 1, "content_type": 7, "object_id": "6", "object_repr": "Land", "action_flag": 3, "change_message": ""}}, {"model": "admin.logentry", "pk": 88, "fields": {"action_time": "2022-06-30T05:30:42.536Z", "user": 1, "content_type": 7, "object_id": "12", "object_repr": "Land / Fair BSZ", "action_flag": 1, "change_message": "[{\"added\": {}}]"}}, {"model": "admin.logentry", "pk": 89, "fields": {"action_time": "2022-06-30T05:30:55.513Z", "user": 1, "content_type": 7, "object_id": "13", "object_repr": "Blue Control / Midrange", "action_flag": 1, "change_message": "[{\"added\": {}}]"}}, {"model": "admin.logentry", "pk": 90, "fields": {"action_time": "2022-06-30T05:32:27.382Z", "user": 1, "content_type": 7, "object_id": "14", "object_repr": "Non-Blue Control / Midrange", "action_flag": 1, "change_message": "[{\"added\": {}}]"}}, {"model": "admin.logentry", "pk": 91, "fields": {"action_time": "2022-06-30T05:32:58.534Z", "user": 1, "content_type": 4, "object_id": "4", "object_repr": "test4", "action_flag": 3, "change_message": ""}}, {"model": "admin.logentry", "pk": 92, "fields": {"action_time": "2022-06-30T05:32:58.557Z", "user": 1, "content_type": 4, "object_id": "2", "object_repr": "testuser2", "action_flag": 3, "change_message": ""}}, {"model": "admin.logentry", "pk": 93, "fields": {"action_time": "2022-06-30T05:32:58.566Z", "user": 1, "content_type": 4, "object_id": "3", "object_repr": "testuser3", "action_flag": 3, "change_message": ""}}, {"model": "admin.logentry", "pk": 94, "fields": {"action_time": "2022-06-30T05:34:17.755Z", "user": 1, "content_type": 11, "object_id": "27", "object_repr": "Goblins", "action_flag": 1, "change_message": "[{\"added\": {}}]"}}, {"model": "admin.logentry", "pk": 95, "fields": {"action_time": "2022-06-30T05:35:02.765Z", "user": 1, "content_type": 8, "object_id": "16", "object_repr": "none / stock", "action_flag": 1, "change_message": "[{\"added\": {}}]"}}, {"model": "admin.logentry", "pk": 96, "fields": {"action_time": "2022-06-30T05:35:14.117Z", "user": 1, "content_type": 13, "object_id": "3", "object_repr": "sam Profile", "action_flag": 1, "change_message": "[{\"added\": {}}]"}}, {"model": "admin.logentry", "pk": 97, "fields": {"action_time": "2022-06-30T05:35:16.444Z", "user": 1, "content_type": 13, "object_id": "3", "object_repr": "sam Profile", "action_flag": 2, "change_message": "[]"}}, {"model": "admin.logentry", "pk": 98, "fields": {"action_time": "2022-06-30T05:35:35.760Z", "user": 1, "content_type": 9, "object_id": "21", "object_repr": "Legacy League with Goblins by samus_ssp on 2022-06-30 05:35:29+00:00", "action_flag": 1, "change_message": "[{\"added\": {}}]"}}, {"model": "admin.logentry", "pk": 99, "fields": {"action_time": "2022-07-01T04:36:27.611Z", "user": 1, "content_type": 8, "object_id": "25", "object_repr": "UW Miracles", "action_flag": 2, "change_message": "[{\"changed\": {\"fields\": [\"Name\"]}}]"}}, {"model": "admin.logentry", "pk": 100, "fields": {"action_time": "2022-07-01T04:42:33.316Z", "user": 1, "content_type": 8, "object_id": "24", "object_repr": "none/stock", "action_flag": 2, "change_message": "[{\"changed\": {\"fields\": [\"Default\"]}}]"}}, {"model": "admin.logentry", "pk": 101, "fields": {"action_time": "2022-07-01T04:42:52.567Z", "user": 1, "content_type": 8, "object_id": "24", "object_repr": "none/stock", "action_flag": 3, "change_message": ""}}, {"model": "admin.logentry", "pk": 102, "fields": {"action_time": "2022-07-01T04:43:23.168Z", "user": 1, "content_type": 11, "object_id": "32", "object_repr": "Control (blue soup)", "action_flag": 2, "change_message": "[{\"changed\": {\"fields\": [\"Deck name\"]}}]"}}, {"model": "admin.logentry", "pk": 103, "fields": {"action_time": "2022-07-01T14:33:48.610Z", "user": 1, "content_type": 9, "object_id": "21", "object_repr": "Legacy League with Goblins by samus_ssp on 2022-06-30 05:35:29+00:00", "action_flag": 3, "change_message": ""}}, {"model": "admin.logentry", "pk": 104, "fields": {"action_time": "2022-07-01T14:55:45.431Z", "user": 1, "content_type": 12, "object_id": "106", "object_repr": "opponent1234", "action_flag": 1, "change_message": "[{\"added\": {}}]"}}, {"model": "admin.logentry", "pk": 105, "fields": {"action_time": "2022-07-02T07:36:32.191Z", "user": 1, "content_type": 12, "object_id": "109", "object_repr": "JeanCarloBeloch", "action_flag": 2, "change_message": "[{\"changed\": {\"fields\": [\"MyFlavor\", \"Win\", \"Match Win\"]}}]"}}, {"model": "admin.logentry", "pk": 106, "fields": {"action_time": "2022-07-03T06:37:57.145Z", "user": 1, "content_type": 9, "object_id": "30", "object_repr": "Legacy League with Control (blue soup) by dummy on 2022-07-02 13:25:47.396920+00:00", "action_flag": 3, "change_message": ""}}, {"model": "admin.logentry", "pk": 107, "fields": {"action_time": "2022-07-03T06:37:57.171Z", "user": 1, "content_type": 9, "object_id": "29", "object_repr": "Legacy League with Control (blue soup) by dummy on 2022-07-02 10:26:39.191769+00:00", "action_flag": 3, "change_message": ""}}, {"model": "admin.logentry", "pk": 108, "fields": {"action_time": "2022-07-03T06:37:57.174Z", "user": 1, "content_type": 9, "object_id": "28", "object_repr": "Legacy League with Death and Taxes by dummy on 2022-07-02 08:58:58.725217+00:00", "action_flag": 3, "change_message": ""}}, {"model": "admin.logentry", "pk": 109, "fields": {"action_time": "2022-07-03T06:37:57.181Z", "user": 1, "content_type": 9, "object_id": "27", "object_repr": "Legacy League with Death and Taxes by dummy on 2022-07-02 08:57:40.436171+00:00", "action_flag": 3, "change_message": ""}}, {"model": "admin.logentry", "pk": 110, "fields": {"action_time": "2022-07-03T07:59:47.631Z", "user": 1, "content_type": 9, "object_id": "31", "object_repr": "Legacy League with Stasis by dummy on 2022-07-03 06:38:04+00:00", "action_flag": 2, "change_message": "[{\"changed\": {\"fields\": [\"Finished\"]}}]"}}, {"model": "admin.logentry", "pk": 111, "fields": {"action_time": "2022-07-03T08:10:23.273Z", "user": 1, "content_type": 8, "object_id": "16", "object_repr": "none / stock", "action_flag": 3, "change_message": ""}}, {"model": "admin.logentry", "pk": 112, "fields": {"action_time": "2022-07-03T08:10:51.360Z", "user": 1, "content_type": 8, "object_id": "18", "object_repr": "none/stock", "action_flag": 3, "change_message": ""}}, {"model": "admin.logentry", "pk": 113, "fields": {"action_time": "2022-07-03T08:38:08.174Z", "user": 1, "content_type": 8, "object_id": "22", "object_repr": "none/stock", "action_flag": 3, "change_message": ""}}, {"model": "admin.logentry", "pk": 114, "fields": {"action_time": "2022-07-03T08:38:11.441Z", "user": 1, "content_type": 8, "object_id": "23", "object_repr": "UR", "action_flag": 3, "change_message": ""}}, {"model": "admin.logentry", "pk": 115, "fields": {"action_time": "2022-07-03T08:38:37.420Z", "user": 1, "content_type": 13, "object_id": "4", "object_repr": "sam Profile", "action_flag": 1, "change_message": "[{\"added\": {}}]"}}, {"model": "admin.logentry", "pk": 116, "fields": {"action_time": "2022-07-03T09:31:38.707Z", "user": 1, "content_type": 11, "object_id": "32", "object_repr": "Control (blue soup)", "action_flag": 3, "change_message": ""}}, {"model": "admin.logentry", "pk": 117, "fields": {"action_time": "2022-07-03T09:32:49.284Z", "user": 1, "content_type": 9, "object_id": "43", "object_repr": "Legacy League with Goblins by dummy on 2022-07-03 09:31:17.168631+00:00", "action_flag": 3, "change_message": ""}}, {"model": "admin.logentry", "pk": 118, "fields": {"action_time": "2022-07-03T09:32:49.294Z", "user": 1, "content_type": 9, "object_id": "42", "object_repr": "Legacy League with Goblins by dummy on 2022-07-03 08:42:53.857242+00:00", "action_flag": 3, "change_message": ""}}, {"model": "admin.logentry", "pk": 119, "fields": {"action_time": "2022-07-03T09:32:49.300Z", "user": 1, "content_type": 9, "object_id": "38", "object_repr": "Legacy League with Reanimate by dummy on 2022-07-03 08:30:08.824022+00:00", "action_flag": 3, "change_message": ""}}, {"model": "admin.logentry", "pk": 120, "fields": {"action_time": "2022-07-03T09:32:49.305Z", "user": 1, "content_type": 9, "object_id": "37", "object_repr": "Legacy League with Reanimate by dummy on 2022-07-03 08:29:46.426842+00:00", "action_flag": 3, "change_message": ""}}, {"model": "admin.logentry", "pk": 121, "fields": {"action_time": "2022-07-03T09:32:49.310Z", "user": 1, "content_type": 9, "object_id": "36", "object_repr": "Legacy League with Reanimate by dummy on 2022-07-03 08:29:04.303320+00:00", "action_flag": 3, "change_message": ""}}, {"model": "admin.logentry", "pk": 122, "fields": {"action_time": "2022-07-03T09:32:49.315Z", "user": 1, "content_type": 9, "object_id": "35", "object_repr": "Legacy League with Reanimate by dummy on 2022-07-03 08:25:45.689760+00:00", "action_flag": 3, "change_message": ""}}, {"model": "admin.logentry", "pk": 123, "fields": {"action_time": "2022-07-03T09:32:49.320Z", "user": 1, "content_type": 9, "object_id": "34", "object_repr": "Legacy League with Reanimate by dummy on 2022-07-03 08:23:58.026049+00:00", "action_flag": 3, "change_message": ""}}, {"model": "admin.logentry", "pk": 124, "fields": {"action_time": "2022-07-03T09:32:49.326Z", "user": 1, "content_type": 9, "object_id": "33", "object_repr": "Legacy League with Goblins by dummy on 2022-07-03 08:19:48.926410+00:00", "action_flag": 3, "change_message": ""}}, {"model": "admin.logentry", "pk": 125, "fields": {"action_time": "2022-07-03T09:32:49.333Z", "user": 1, "content_type": 9, "object_id": "32", "object_repr": "Legacy League with Goblins by dummy on 2022-07-03 08:15:34.017503+00:00", "action_flag": 3, "change_message": ""}}, {"model": "admin.logentry", "pk": 126, "fields": {"action_time": "2022-07-03T09:32:49.337Z", "user": 1, "content_type": 9, "object_id": "25", "object_repr": "Legacy League with Death and Taxes by dummy on 2022-06-30 12:34:01.424323+00:00", "action_flag": 3, "change_message": ""}}, {"model": "admin.logentry", "pk": 127, "fields": {"action_time": "2022-07-03T09:32:49.343Z", "user": 1, "content_type": 9, "object_id": "24", "object_repr": "Legacy League with Death and Taxes by dummy on 2022-06-30 11:20:30.381496+00:00", "action_flag": 3, "change_message": ""}}, {"model": "admin.logentry", "pk": 128, "fields": {"action_time": "2022-07-03T09:32:49.348Z", "user": 1, "content_type": 9, "object_id": "23", "object_repr": "Legacy League with Death and Taxes by dummy on 2022-06-30 11:19:58.602669+00:00", "action_flag": 3, "change_message": ""}}, {"model": "admin.logentry", "pk": 129, "fields": {"action_time": "2022-07-03T09:32:49.353Z", "user": 1, "content_type": 9, "object_id": "22", "object_repr": "Legacy League with Death and Taxes by dummy on 2022-06-30 06:03:38.857804+00:00", "action_flag": 3, "change_message": ""}}, {"model": "admin.logentry", "pk": 130, "fields": {"action_time": "2022-07-03T14:14:26.874Z", "user": 1, "content_type": 8, "object_id": "36", "object_repr": "none/stock", "action_flag": 3, "change_message": ""}}, {"model": "admin.logentry", "pk": 131, "fields": {"action_time": "2022-07-04T05:27:52.697Z", "user": 1, "content_type": 12, "object_id": "131", "object_repr": "oppo2", "action_flag": 3, "change_message": ""}}, {"model": "admin.logentry", "pk": 132, "fields": {"action_time": "2022-07-04T05:28:17.373Z", "user": 1, "content_type": 12, "object_id": "130", "object_repr": "opp1", "action_flag": 2, "change_message": "[{\"changed\": {\"fields\": [\"Their Deck Details\", \"MyFlavor\"]}}]"}}, {"model": "admin.logentry", "pk": 133, "fields": {"action_time": "2022-07-05T04:08:22.763Z", "user": 1, "content_type": 9, "object_id": "49", "object_repr": "Legacy League with Goblins by dummy on 2022-07-04 09:07:04.016582+00:00", "action_flag": 3, "change_message": ""}}, {"model": "admin.logentry", "pk": 134, "fields": {"action_time": "2022-07-05T04:08:22.781Z", "user": 1, "content_type": 9, "object_id": "48", "object_repr": "Legacy League with Goblins by dummy on 2022-07-04 09:05:29.770702+00:00", "action_flag": 3, "change_message": ""}}, {"model": "admin.logentry", "pk": 135, "fields": {"action_time": "2022-07-05T04:08:22.797Z", "user": 1, "content_type": 9, "object_id": "47", "object_repr": "Legacy League with Goblins by dummy on 2022-07-04 09:01:26.568467+00:00", "action_flag": 3, "change_message": ""}}, {"model": "admin.logentry", "pk": 136, "fields": {"action_time": "2022-07-05T04:08:22.813Z", "user": 1, "content_type": 9, "object_id": "46", "object_repr": "Legacy League with Goblins by dummy on 2022-07-03 15:15:11.299801+00:00", "action_flag": 3, "change_message": ""}}, {"model": "admin.logentry", "pk": 137, "fields": {"action_time": "2022-07-05T04:08:22.830Z", "user": 1, "content_type": 9, "object_id": "45", "object_repr": "Legacy League with Goblins by dummy on 2022-07-03 12:29:53.534102+00:00", "action_flag": 3, "change_message": ""}}, {"model": "admin.logentry", "pk": 138, "fields": {"action_time": "2022-07-05T04:08:22.839Z", "user": 1, "content_type": 9, "object_id": "44", "object_repr": "Legacy League with Goblins by dummy on 2022-07-03 12:24:01.065983+00:00", "action_flag": 3, "change_message": ""}}, {"model": "admin.logentry", "pk": 139, "fields": {"action_time": "2022-07-05T04:08:35.005Z", "user": 1, "content_type": 9, "object_id": "31", "object_repr": "Legacy League with Stasis by dummy on 2022-07-03 06:38:04+00:00", "action_flag": 2, "change_message": "[{\"changed\": {\"fields\": [\"Finished\"]}}]"}}, {"model": "admin.logentry", "pk": 140, "fields": {"action_time": "2022-07-05T04:41:06.375Z", "user": 1, "content_type": 8, "object_id": "42", "object_repr": "none/stock", "action_flag": 3, "change_message": ""}}, {"model": "admin.logentry", "pk": 141, "fields": {"action_time": "2022-07-05T22:36:19.068Z", "user": 1, "content_type": 9, "object_id": "54", "object_repr": "Legacy League with Stasis by dummy on 2022-07-05 10:27:48.515823+00:00", "action_flag": 3, "change_message": ""}}, {"model": "admin.logentry", "pk": 142, "fields": {"action_time": "2022-07-05T22:36:19.110Z", "user": 1, "content_type": 9, "object_id": "53", "object_repr": "Legacy League with Stasis by dummy on 2022-07-05 10:03:24.073845+00:00", "action_flag": 3, "change_message": ""}}, {"model": "admin.logentry", "pk": 143, "fields": {"action_time": "2022-07-05T22:36:19.116Z", "user": 1, "content_type": 9, "object_id": "52", "object_repr": "Legacy League with ANT by dummy on 2022-07-05 10:02:44.371240+00:00", "action_flag": 3, "change_message": ""}}, {"model": "admin.logentry", "pk": 144, "fields": {"action_time": "2022-07-06T04:58:53.082Z", "user": 1, "content_type": 8, "object_id": "45", "object_repr": "4 color (no black)", "action_flag": 2, "change_message": "[{\"changed\": {\"fields\": [\"Name\"]}}]"}}, {"model": "admin.logentry", "pk": 145, "fields": {"action_time": "2022-07-06T04:59:45.425Z", "user": 1, "content_type": 8, "object_id": "47", "object_repr": "none/stock", "action_flag": 2, "change_message": "[{\"changed\": {\"fields\": [\"Default\"]}}]"}}, {"model": "admin.logentry", "pk": 146, "fields": {"action_time": "2022-07-06T05:16:16.936Z", "user": 1, "content_type": 8, "object_id": "49", "object_repr": "none/stock", "action_flag": 3, "change_message": ""}}, {"model": "admin.logentry", "pk": 147, "fields": {"action_time": "2022-07-06T07:01:27.547Z", "user": 1, "content_type": 12, "object_id": "152", "object_repr": "nullg31", "action_flag": 3, "change_message": ""}}, {"model": "admin.logentry", "pk": 148, "fields": {"action_time": "2022-07-06T08:27:12.471Z", "user": 1, "content_type": 12, "object_id": "151", "object_repr": "opp1", "action_flag": 2, "change_message": "[{\"changed\": {\"fields\": [\"MyFlavor\", \"Win\"]}}]"}}, {"model": "admin.logentry", "pk": 149, "fields": {"action_time": "2022-07-06T11:19:18.650Z", "user": 1, "content_type": 8, "object_id": "20", "object_repr": "none/stock", "action_flag": 2, "change_message": "[{\"changed\": {\"fields\": [\"Default\"]}}]"}}, {"model": "admin.logentry", "pk": 150, "fields": {"action_time": "2022-07-06T11:19:45.310Z", "user": 1, "content_type": 9, "object_id": "26", "object_repr": "Legacy League with Stasis by dummy on 2022-06-30 22:45:38.851826+00:00", "action_flag": 3, "change_message": ""}}, {"model": "admin.logentry", "pk": 151, "fields": {"action_time": "2022-07-06T11:49:19.354Z", "user": 1, "content_type": 11, "object_id": "37", "object_repr": "Blue Control", "action_flag": 2, "change_message": "[{\"changed\": {\"fields\": [\"Archetype\"]}}]"}}, {"model": "admin.logentry", "pk": 152, "fields": {"action_time": "2022-07-06T11:49:52.278Z", "user": 1, "content_type": 11, "object_id": "29", "object_repr": "Stasis", "action_flag": 2, "change_message": "[{\"changed\": {\"fields\": [\"Archetype\"]}}]"}}, {"model": "admin.logentry", "pk": 153, "fields": {"action_time": "2022-07-06T11:50:12.858Z", "user": 1, "content_type": 7, "object_id": "7", "object_repr": "Midrange/Control", "action_flag": 3, "change_message": ""}}, {"model": "admin.logentry", "pk": 154, "fields": {"action_time": "2022-07-06T12:57:45.569Z", "user": 1, "content_type": 12, "object_id": "156", "object_repr": "Rudabega", "action_flag": 1, "change_message": "[{\"added\": {}}]"}}, {"model": "admin.logentry", "pk": 155, "fields": {"action_time": "2022-07-06T12:58:43.823Z", "user": 1, "content_type": 12, "object_id": "157", "object_repr": "Gretorp", "action_flag": 1, "change_message": "[{\"added\": {}}]"}}, {"model": "admin.logentry", "pk": 156, "fields": {"action_time": "2022-07-06T12:58:50.325Z", "user": 1, "content_type": 12, "object_id": "156", "object_repr": "Rudabega", "action_flag": 2, "change_message": "[{\"changed\": {\"fields\": [\"Win\"]}}]"}}, {"model": "admin.logentry", "pk": 157, "fields": {"action_time": "2022-07-06T12:59:00.705Z", "user": 1, "content_type": 12, "object_id": "156", "object_repr": "Rudabega", "action_flag": 2, "change_message": "[{\"changed\": {\"fields\": [\"Win\", \"Match Win\"]}}]"}}, {"model": "admin.logentry", "pk": 158, "fields": {"action_time": "2022-07-06T22:36:43.839Z", "user": 1, "content_type": 9, "object_id": "56", "object_repr": "Legacy League with Painter by dummy on 2022-07-06 06:54:45.156963+00:00", "action_flag": 3, "change_message": ""}}, {"model": "admin.logentry", "pk": 159, "fields": {"action_time": "2022-07-06T22:50:40.651Z", "user": 1, "content_type": 8, "object_id": "53", "object_repr": "none/stock", "action_flag": 3, "change_message": ""}}, {"model": "admin.logentry", "pk": 160, "fields": {"action_time": "2022-07-07T03:02:21.922Z", "user": 1, "content_type": 11, "object_id": "59", "object_repr": "test1111", "action_flag": 3, "change_message": ""}}, {"model": "admin.logentry", "pk": 161, "fields": {"action_time": "2022-07-07T03:02:21.942Z", "user": 1, "content_type": 11, "object_id": "58", "object_repr": "test9", "action_flag": 3, "change_message": ""}}, {"model": "admin.logentry", "pk": 162, "fields": {"action_time": "2022-07-07T03:02:21.949Z", "user": 1, "content_type": 11, "object_id": "57", "object_repr": "test9", "action_flag": 3, "change_message": ""}}, {"model": "admin.logentry", "pk": 163, "fields": {"action_time": "2022-07-07T03:02:21.957Z", "user": 1, "content_type": 11, "object_id": "56", "object_repr": "test9", "action_flag": 3, "change_message": ""}}, {"model": "admin.logentry", "pk": 164, "fields": {"action_time": "2022-07-07T03:02:21.964Z", "user": 1, "content_type": 11, "object_id": "55", "object_repr": "test9", "action_flag": 3, "change_message": ""}}, {"model": "admin.logentry", "pk": 165, "fields": {"action_time": "2022-07-07T03:02:21.972Z", "user": 1, "content_type": 11, "object_id": "54", "object_repr": "test9", "action_flag": 3, "change_message": ""}}, {"model": "admin.logentry", "pk": 166, "fields": {"action_time": "2022-07-07T03:02:21.978Z", "user": 1, "content_type": 11, "object_id": "53", "object_repr": "test8", "action_flag": 3, "change_message": ""}}, {"model": "admin.logentry", "pk": 167, "fields": {"action_time": "2022-07-07T03:02:21.984Z", "user": 1, "content_type": 11, "object_id": "52", "object_repr": "test7", "action_flag": 3, "change_message": ""}}, {"model": "admin.logentry", "pk": 168, "fields": {"action_time": "2022-07-07T03:02:21.990Z", "user": 1, "content_type": 11, "object_id": "51", "object_repr": "test6", "action_flag": 3, "change_message": ""}}, {"model": "admin.logentry", "pk": 169, "fields": {"action_time": "2022-07-07T03:02:21.997Z", "user": 1, "content_type": 11, "object_id": "50", "object_repr": "test5", "action_flag": 3, "change_message": ""}}, {"model": "admin.logentry", "pk": 170, "fields": {"action_time": "2022-07-07T03:02:22.003Z", "user": 1, "content_type": 11, "object_id": "49", "object_repr": "test5", "action_flag": 3, "change_message": ""}}, {"model": "admin.logentry", "pk": 171, "fields": {"action_time": "2022-07-07T03:02:22.010Z", "user": 1, "content_type": 11, "object_id": "48", "object_repr": "test4", "action_flag": 3, "change_message": ""}}, {"model": "admin.logentry", "pk": 172, "fields": {"action_time": "2022-07-07T03:02:22.016Z", "user": 1, "content_type": 11, "object_id": "47", "object_repr": "test4", "action_flag": 3, "change_message": ""}}, {"model": "admin.logentry", "pk": 173, "fields": {"action_time": "2022-07-07T03:02:22.022Z", "user": 1, "content_type": 11, "object_id": "46", "object_repr": "test3", "action_flag": 3, "change_message": ""}}, {"model": "admin.logentry", "pk": 174, "fields": {"action_time": "2022-07-07T03:02:22.028Z", "user": 1, "content_type": 11, "object_id": "45", "object_repr": "test2", "action_flag": 3, "change_message": ""}}, {"model": "admin.logentry", "pk": 175, "fields": {"action_time": "2022-07-07T03:02:22.034Z", "user": 1, "content_type": 11, "object_id": "44", "object_repr": "test", "action_flag": 3, "change_message": ""}}, {"model": "admin.logentry", "pk": 176, "fields": {"action_time": "2022-07-07T10:09:30.272Z", "user": 1, "content_type": 9, "object_id": "58", "object_repr": "Legacy League with Painter by dummy on 2022-07-07 06:22:06+00:00", "action_flag": 2, "change_message": "[{\"changed\": {\"fields\": [\"MyDeck\", \"MyFlavor\"]}}]"}}, {"model": "admin.logentry", "pk": 177, "fields": {"action_time": "2022-07-07T10:09:54.236Z", "user": 1, "content_type": 12, "object_id": "165", "object_repr": "FGC", "action_flag": 2, "change_message": "[{\"changed\": {\"fields\": [\"MyDeck\", \"MyFlavor\"]}}]"}}, {"model": "admin.logentry", "pk": 178, "fields": {"action_time": "2022-07-07T10:10:05.711Z", "user": 1, "content_type": 12, "object_id": "164", "object_repr": "7an", "action_flag": 2, "change_message": "[{\"changed\": {\"fields\": [\"MyDeck\", \"MyFlavor\"]}}]"}}, {"model": "admin.logentry", "pk": 179, "fields": {"action_time": "2022-07-07T10:10:27.761Z", "user": 1, "content_type": 12, "object_id": "163", "object_repr": "easymoneymarksman", "action_flag": 2, "change_message": "[{\"changed\": {\"fields\": [\"MyDeck\", \"MyFlavor\"]}}]"}}, {"model": "admin.logentry", "pk": 180, "fields": {"action_time": "2022-07-07T10:11:37.593Z", "user": 1, "content_type": 13, "object_id": "4", "object_repr": "sam Profile", "action_flag": 2, "change_message": "[{\"changed\": {\"fields\": [\"RecentDeck\", \"RecentFlavor\"]}}]"}}, {"model": "admin.logentry", "pk": 181, "fields": {"action_time": "2022-07-08T04:31:58.115Z", "user": 1, "content_type": 8, "object_id": "64", "object_repr": "", "action_flag": 3, "change_message": ""}}, {"model": "admin.logentry", "pk": 182, "fields": {"action_time": "2022-07-08T04:32:06.332Z", "user": 1, "content_type": 8, "object_id": "65", "object_repr": "none/stock", "action_flag": 1, "change_message": "[{\"added\": {}}]"}}, {"model": "admin.logentry", "pk": 183, "fields": {"action_time": "2022-07-08T05:49:10.828Z", "user": 1, "content_type": 8, "object_id": "62", "object_repr": "Arcane Artisan", "action_flag": 2, "change_message": "[{\"changed\": {\"fields\": [\"Name\"]}}]"}}, {"model": "admin.logentry", "pk": 184, "fields": {"action_time": "2022-07-08T06:57:23.922Z", "user": 1, "content_type": 8, "object_id": "67", "object_repr": "", "action_flag": 3, "change_message": ""}}, {"model": "admin.logentry", "pk": 185, "fields": {"action_time": "2022-07-08T06:58:04.183Z", "user": 1, "content_type": 8, "object_id": "68", "object_repr": "", "action_flag": 3, "change_message": ""}}, {"model": "admin.logentry", "pk": 186, "fields": {"action_time": "2022-07-08T07:23:56.393Z", "user": 1, "content_type": 8, "object_id": "69", "object_repr": "", "action_flag": 3, "change_message": ""}}, {"model": "admin.logentry", "pk": 187, "fields": {"action_time": "2022-07-08T07:24:21.166Z", "user": 1, "content_type": 8, "object_id": "70", "object_repr": "none/stock", "action_flag": 3, "change_message": ""}}, {"model": "admin.logentry", "pk": 188, "fields": {"action_time": "2022-07-08T07:24:32.333Z", "user": 1, "content_type": 11, "object_id": "65", "object_repr": "test22222", "action_flag": 3, "change_message": ""}}, {"model": "admin.logentry", "pk": 189, "fields": {"action_time": "2022-07-08T07:24:32.351Z", "user": 1, "content_type": 11, "object_id": "64", "object_repr": "test7777", "action_flag": 3, "change_message": ""}}, {"model": "admin.logentry", "pk": 190, "fields": {"action_time": "2022-07-08T07:24:32.358Z", "user": 1, "content_type": 11, "object_id": "63", "object_repr": "test666", "action_flag": 3, "change_message": ""}}, {"model": "admin.logentry", "pk": 191, "fields": {"action_time": "2022-07-08T07:24:32.367Z", "user": 1, "content_type": 11, "object_id": "62", "object_repr": "testtest", "action_flag": 3, "change_message": ""}}, {"model": "admin.logentry", "pk": 192, "fields": {"action_time": "2022-07-08T23:23:19.782Z", "user": 1, "content_type": 9, "object_id": "51", "object_repr": "Legacy League with Painter by samus_ssp on 2022-07-05 04:40:56+00:00", "action_flag": 2, "change_message": "[{\"changed\": {\"fields\": [\"MtgoUserName\"]}}]"}}, {"model": "admin.logentry", "pk": 193, "fields": {"action_time": "2022-07-08T23:23:24.024Z", "user": 1, "content_type": 9, "object_id": "57", "object_repr": "Legacy League with Painter by samus_ssp on 2022-07-06 22:36:50+00:00", "action_flag": 2, "change_message": "[{\"changed\": {\"fields\": [\"MtgoUserName\"]}}]"}}, {"model": "admin.logentry", "pk": 194, "fields": {"action_time": "2022-07-08T23:23:27.974Z", "user": 1, "content_type": 9, "object_id": "57", "object_repr": "Legacy League with Painter by samus_ssp on 2022-07-06 22:36:50+00:00", "action_flag": 2, "change_message": "[]"}}, {"model": "admin.logentry", "pk": 195, "fields": {"action_time": "2022-07-08T23:23:30.572Z", "user": 1, "content_type": 9, "object_id": "57", "object_repr": "Legacy League with Painter by samus_ssp on 2022-07-06 22:36:50+00:00", "action_flag": 2, "change_message": "[]"}}, {"model": "admin.logentry", "pk": 196, "fields": {"action_time": "2022-07-08T23:23:33.753Z", "user": 1, "content_type": 9, "object_id": "51", "object_repr": "Legacy League with Painter by samus_ssp on 2022-07-05 04:40:56+00:00", "action_flag": 2, "change_message": "[]"}}, {"model": "admin.logentry", "pk": 197, "fields": {"action_time": "2022-07-08T23:23:38.407Z", "user": 1, "content_type": 9, "object_id": "55", "object_repr": "Legacy League with Painter by samus_ssp on 2022-07-05 22:36:37+00:00", "action_flag": 2, "change_message": "[{\"changed\": {\"fields\": [\"MtgoUserName\"]}}]"}}, {"model": "admin.logentry", "pk": 198, "fields": {"action_time": "2022-07-08T23:23:41.779Z", "user": 1, "content_type": 9, "object_id": "58", "object_repr": "Legacy League with Painter by samus_ssp on 2022-07-07 06:22:06+00:00", "action_flag": 2, "change_message": "[{\"changed\": {\"fields\": [\"MtgoUserName\"]}}]"}}, {"model": "admin.logentry", "pk": 199, "fields": {"action_time": "2022-07-08T23:23:45.178Z", "user": 1, "content_type": 9, "object_id": "59", "object_repr": "Legacy League with Painter by samus_ssp on 2022-07-08 04:32:23+00:00", "action_flag": 2, "change_message": "[{\"changed\": {\"fields\": [\"MtgoUserName\"]}}]"}}, {"model": "admin.logentry", "pk": 200, "fields": {"action_time": "2022-07-08T23:23:49.583Z", "user": 1, "content_type": 9, "object_id": "60", "object_repr": "Legacy League with Painter by samus_ssp on 2022-07-08 06:40:46+00:00", "action_flag": 2, "change_message": "[{\"changed\": {\"fields\": [\"MtgoUserName\"]}}]"}}, {"model": "admin.logentry", "pk": 201, "fields": {"action_time": "2022-07-09T07:42:09.375Z", "user": 1, "content_type": 9, "object_id": "50", "object_repr": "Legacy League with Goblins by dummy on 2022-07-05 04:32:57.204941+00:00", "action_flag": 3, "change_message": ""}}, {"model": "admin.logentry", "pk": 202, "fields": {"action_time": "2022-07-09T09:47:56.382Z", "user": 1, "content_type": 11, "object_id": "67", "object_repr": "fesrs", "action_flag": 3, "change_message": ""}}, {"model": "admin.logentry", "pk": 203, "fields": {"action_time": "2022-07-10T09:49:11.592Z", "user": 1, "content_type": 9, "object_id": "61", "object_repr": "Legacy League with Painter by samus_ssp on 2022-07-09 10:17:19+00:00", "action_flag": 2, "change_message": "[{\"changed\": {\"fields\": [\"Finished\"]}}]"}}, {"model": "admin.logentry", "pk": 204, "fields": {"action_time": "2022-07-10T09:49:26.223Z", "user": 1, "content_type": 12, "object_id": "182", "object_repr": "samus_ssp", "action_flag": 3, "change_message": ""}}, {"model": "admin.logentry", "pk": 205, "fields": {"action_time": "2022-07-11T05:26:37.353Z", "user": 1, "content_type": 9, "object_id": "61", "object_repr": "Legacy League with Painter by samus_ssp on 2022-07-09 10:17:19+00:00", "action_flag": 2, "change_message": "[{\"changed\": {\"fields\": [\"Finished\"]}}]"}}, {"model": "admin.logentry", "pk": 206, "fields": {"action_time": "2022-07-12T05:04:34.915Z", "user": 1, "content_type": 9, "object_id": "61", "object_repr": "Legacy League with Painter by samus_ssp on 2022-07-09 10:17:19+00:00", "action_flag": 2, "change_message": "[{\"changed\": {\"fields\": [\"Finished\"]}}]"}}, {"model": "admin.logentry", "pk": 207, "fields": {"action_time": "2022-07-13T08:18:52.267Z", "user": 1, "content_type": 11, "object_id": "30", "object_repr": "Reanimator", "action_flag": 2, "change_message": "[{\"changed\": {\"fields\": [\"Deck name\"]}}]"}}, {"model": "admin.logentry", "pk": 208, "fields": {"action_time": "2022-07-16T08:17:59.945Z", "user": 1, "content_type": 7, "object_id": "15", "object_repr": "Other", "action_flag": 1, "change_message": "[{\"added\": {}}]"}}, {"model": "admin.logentry", "pk": 209, "fields": {"action_time": "2022-07-19T01:31:51.568Z", "user": 1, "content_type": 9, "object_id": "68", "object_repr": "Legacy League with Stasis by samus_ssp on 2022-07-16 14:17:11+00:00", "action_flag": 2, "change_message": "[{\"changed\": {\"fields\": [\"MyDeck\", \"MyFlavor\"]}}]"}}, {"model": "admin.logentry", "pk": 210, "fields": {"action_time": "2022-07-19T01:35:54.467Z", "user": 1, "content_type": 9, "object_id": "69", "object_repr": "Legacy League with Stasis by samus_ssp on 2022-07-19 01:32:11.031407+00:00", "action_flag": 3, "change_message": ""}}, {"model": "auth.user", "pk": 1, "fields": {"password": "pbkdf2_sha256$320000$m3R4Rj0e26Gv1OqH0vXSgd$TLKY4MXGhLToGw+mBDUHYztXfgnWj6Mz/lDT26Mbz8Q=", "last_login": "2022-07-19T14:20:22.699Z", "is_superuser": true, "username": "sam", "first_name": "", "last_name": "", "email": "sam@sam.com", "is_staff": true, "is_active": true, "date_joined": "2022-06-20T08:38:18.901Z", "groups": [], "user_permissions": []}}, {"model": "auth.user", "pk": 5, "fields": {"password": "pbkdf2_sha256$320000$8tkhD6wntZ5Q4ibFPvfaHM$Vojm52nf//+gHkYObNjwfZhtAjdJ65sRV7eJzvKeUkY=", "last_login": "2022-07-19T08:59:43.986Z", "is_superuser": false, "username": "wendy", "first_name": "", "last_name": "", "email": "wendy@girl.com", "is_staff": false, "is_active": true, "date_joined": "2022-07-19T08:26:35.235Z", "groups": [], "user_permissions": []}}, {"model": "sessions.session", "pk": "f9bzdefd8el6vit80o30blkw70vrlvjd", "fields": {"session_data": ".eJxVjDEOwyAUQ-_CXCEgQKBj95wB_Q-fkrYiUkimqncvkTK0srz42X6zAPtWwt5oDXNiVybZ5TdDiE-qB0gPqPeFx6Vu64z8qPCTNj4tiV63s_t3UKCVvhYWFBjyuctl63Ako1GZOFK2gnR3BqWHAU10UkHUNnlv0FgJGIVkny_uCDgJ:1oDo5G:35FNXReIpT9VvyG8XDhf45pkzsRFKwyJ7Mk6qnqZ4S0", "expire_date": "2022-08-02T14:20:22.723Z"}}, {"model": "sessions.session", "pk": "vdvn3kskttnn14lkqc9cfnau435gjqf2", "fields": {"session_data": ".eJxVjDEOwyAUQ-_CXCEgQKBj95wB_Q-fkrYiUkimqncvkTK0srz42X6zAPtWwt5oDXNiVybZ5TdDiE-qB0gPqPeFx6Vu64z8qPCTNj4tiV63s_t3UKCVvhYWFBjyuctl63Ako1GZOFK2gnR3BqWHAU10UkHUNnlv0FgJGIVkny_uCDgJ:1o6QIX:0nTz-yy0xxRhG8-PUshe5rli8294Oo1wrtUOmywBWG8", "expire_date": "2022-07-13T05:31:33.762Z"}}, {"model": "leagues.mtgformat", "pk": 1, "fields": {"name": "Legacy"}}, {"model": "leagues.mtgformat", "pk": 2, "fields": {"name": "Modern"}}, {"model": "leagues.mtgformat", "pk": 3, "fields": {"name": "Vintage"}}, {"model": "leagues.archetype", "pk": 1, "fields": {"name": "Vial", "mtgFormat": 1}}, {"model": "leagues.archetype", "pk": 2, "fields": {"name": "Tempo", "mtgFormat": 1}}, {"model": "leagues.archetype", "pk": 3, "fields": {"name": "Tinker", "mtgFormat": 3}}, {"model": "leagues.archetype", "pk": 4, "fields": {"name": "Aggro", "mtgFormat": 1}}, {"model": "leagues.archetype", "pk": 5, "fields": {"name": "Graveyard", "mtgFormat": 1}}, {"model": "leagues.archetype", "pk": 9, "fields": {"name": "Permanent Combo", "mtgFormat": 1}}, {"model": "leagues.archetype", "pk": 10, "fields": {"name": "Spell Combo", "mtgFormat": 1}}, {"model": "leagues.archetype", "pk": 11, "fields": {"name": "Stompy", "mtgFormat": 1}}, {"model": "leagues.archetype", "pk": 12, "fields": {"name": "Land / Fair BSZ", "mtgFormat": 1}}, {"model": "leagues.archetype", "pk": 13, "fields": {"name": "Blue Control / Midrange", "mtgFormat": 1}}, {"model": "leagues.archetype", "pk": 14, "fields": {"name": "Non-Blue Control / Midrange", "mtgFormat": 1}}, {"model": "leagues.archetype", "pk": 15, "fields": {"name": "Other", "mtgFormat": 1}}, {"model": "leagues.deck", "pk": 27, "fields": {"name": "Goblins", "mtgFormat": 1, "archetype": 1, "date": "2022-06-30T05:34:06Z", "image": "deckpics/9e9e2e5d-ad06-4378-9afb-ffb174e6a5b4_yV8Wrk6.jpg"}}, {"model": "leagues.deck", "pk": 28, "fields": {"name": "Death and Taxes", "mtgFormat": 1, "archetype": 1, "date": "2022-06-30T13:36:11.619Z", "image": "deckpics/824423ff-6441-4be6-b754-810adf9ca6a2_fF45kAP.jpg"}}, {"model": "leagues.deck", "pk": 29, "fields": {"name": "Stasis", "mtgFormat": 1, "archetype": 12, "date": "2022-07-01T06:45:33Z", "image": "deckpics/5ed-127-stasis.jpg"}}, {"model": "leagues.deck", "pk": 30, "fields": {"name": "Reanimator", "mtgFormat": 1, "archetype": 5, "date": "2022-07-01T06:54:01Z", "image": "deckpics/tmp-151-reanimate.jpg"}}, {"model": "leagues.deck", "pk": 31, "fields": {"name": "Delver", "mtgFormat": 1, "archetype": 2, "date": "2022-07-01T07:01:22.535Z", "image": "deckpics/isd-51-delver-of-secrets_iKjBN9v.jpg"}}, {"model": "leagues.deck", "pk": 33, "fields": {"name": "ANT", "mtgFormat": 1, "archetype": 10, "date": "2022-07-02T07:11:57.937Z", "image": "deckpics/isd-155-past-in-flames.jpg"}}, {"model": "leagues.deck", "pk": 34, "fields": {"name": "Blue Karn / Echos", "mtgFormat": 1, "archetype": 11, "date": "2022-07-02T15:35:24.726Z", "image": "deckpics/mh1-46-echo-of-eons.jpg"}}, {"model": "leagues.deck", "pk": 35, "fields": {"name": "Red Stompy", "mtgFormat": 1, "archetype": 11, "date": "2022-07-03T14:43:11.251Z", "image": "deckpics/drk-58-blood-moon.jpg"}}, {"model": "leagues.deck", "pk": 36, "fields": {"name": "Mono Green Cloudpost", "mtgFormat": 1, "archetype": 12, "date": "2022-07-03T15:42:49.866Z", "image": "deckpics/ima-183-primeval-titan.jpg"}}, {"model": "leagues.deck", "pk": 37, "fields": {"name": "Blue Control", "mtgFormat": 1, "archetype": 13, "date": "2022-07-03T22:13:25Z", "image": "deckpics/mmq-61-brainstorm_ED6Q8oI.jpg"}}, {"model": "leagues.deck", "pk": 38, "fields": {"name": "Painter", "mtgFormat": 1, "archetype": 9, "date": "2022-07-05T12:40:39.444Z", "image": "deckpics/shm-257-painter-s-servant.jpg"}}, {"model": "leagues.deck", "pk": 39, "fields": {"name": "Ruby Storm", "mtgFormat": 1, "archetype": 10, "date": "2022-07-05T12:42:59.082Z", "image": "deckpics/mh2-127-galvanic-relay.jpg"}}, {"model": "leagues.deck", "pk": 40, "fields": {"name": "Mardu Midrange", "mtgFormat": 1, "archetype": 14, "date": "2022-07-06T12:59:19.661Z", "image": "deckpics/rav-81-dark-confidant.jpg"}}, {"model": "leagues.deck", "pk": 41, "fields": {"name": "Food Chain", "mtgFormat": 1, "archetype": 9, "date": "2022-07-06T13:15:55.551Z", "image": "deckpics/mmq-246-food-chain.jpg"}}, {"model": "leagues.deck", "pk": 42, "fields": {"name": "Green Post", "mtgFormat": 1, "archetype": 12, "date": "2022-07-07T06:37:29.546Z", "image": "deckpics/ima-183-primeval-titan_PVRPkAc.jpg"}}, {"model": "leagues.deck", "pk": 43, "fields": {"name": "Maverick", "mtgFormat": 1, "archetype": 12, "date": "2022-07-07T06:49:03.817Z", "image": "deckpics/2x2-150-green-sun-s-zenith.jpg"}}, {"model": "leagues.deck", "pk": 60, "fields": {"name": "Sneak and Show", "mtgFormat": 1, "archetype": 10, "date": "2022-07-07T13:46:24.110Z", "image": "deckpics/usg-96-show-and-tell.jpg"}}, {"model": "leagues.deck", "pk": 61, "fields": {"name": "UW Artifacts", "mtgFormat": 1, "archetype": 2, "date": "2022-07-08T12:30:42.910Z", "image": "deckpics/mh2-12-esper-sentinel.jpg"}}, {"model": "leagues.deck", "pk": 66, "fields": {"name": "Grixis Phoenix", "mtgFormat": 1, "archetype": 5, "date": "2022-07-09T15:31:15.038Z", "image": "deckpics/grn-91-arclight-phoenix.jpg"}}, {"model": "leagues.deck", "pk": 68, "fields": {"name": "Ninjas", "mtgFormat": 1, "archetype": 2, "date": "2022-07-10T16:18:04.609Z", "image": "deckpics/c18-52-yuriko-the-tiger-s-shadow.jpg"}}, {"model": "leagues.deck", "pk": 69, "fields": {"name": "Elves", "mtgFormat": 1, "archetype": 9, "date": "2022-07-12T17:23:09.111Z", "image": "deckpics/mor-126-heritage-druid_hFoPdNY.jpg"}}, {"model": "leagues.deck", "pk": 70, "fields": {"name": "Nic Fit", "mtgFormat": 1, "archetype": 14, "date": "2022-07-13T10:25:43.526Z", "image": "deckpics/wth-144-veteran-explorer.jpg"}}, {"model": "leagues.deck", "pk": 71, "fields": {"name": "Sudden Substitution", "mtgFormat": 1, "archetype": 10, "date": "2022-07-13T17:31:32.173Z", "image": "deckpics/c19-11-sudden-substitution.jpg"}}, {"model": "leagues.deck", "pk": 72, "fields": {"name": "Doomsday", "mtgFormat": 1, "archetype": 10, "date": "2022-07-14T12:41:32.479Z", "image": "deckpics/wth-66-doomsday.jpg"}}, {"model": "leagues.deck", "pk": 73, "fields": {"name": "Aluren", "mtgFormat": 1, "archetype": 9, "date": "2022-07-14T13:44:09.236Z", "image": "deckpics/tmp-213-aluren.jpg"}}, {"model": "leagues.deck", "pk": 74, "fields": {"name": "Dark Depths", "mtgFormat": 1, "archetype": 9, "date": "2022-07-15T06:51:02.204Z", "image": "deckpics/2xm-314-dark-depths.jpg"}}, {"model": "leagues.deck", "pk": 75, "fields": {"name": "Death's Shadow", "mtgFormat": 1, "archetype": 2, "date": "2022-07-15T16:35:39.288Z", "image": "deckpics/2xm-82-death-s-shadow_7dzIOwu.jpg"}}, {"model": "leagues.deck", "pk": 76, "fields": {"name": "Lands", "mtgFormat": 1, "archetype": 12, "date": "2022-07-16T14:58:02.343Z", "image": "deckpics/usg-250-exploration.jpg"}}, {"model": "leagues.deck", "pk": 77, "fields": {"name": "Unknown", "mtgFormat": 1, "archetype": 15, "date": "2022-07-16T16:19:11.459Z", "image": "deckpics/all-56-misinformation.jpg"}}, {"model": "leagues.deck", "pk": 78, "fields": {"name": "8 Cast", "mtgFormat": 1, "archetype": 11, "date": "2022-07-17T16:10:18.297Z", "image": "deckpics/nec-14-kappa-cannoneer.jpg"}}, {"model": "leagues.deck", "pk": 79, "fields": {"name": "Pox", "mtgFormat": 1, "archetype": 14, "date": "2022-07-19T09:35:11.211Z", "image": "deckpics/ice-158-pox.jpg"}}, {"model": "leagues.deck", "pk": 80, "fields": {"name": "DETH", "mtgFormat": 1, "archetype": 9, "date": "2022-07-19T14:38:45.557Z", "image": "deckpics/tmp-118-dark-ritual.jpg"}}, {"model": "leagues.deck", "pk": 81, "fields": {"name": "AAAAAA", "mtgFormat": 3, "archetype": 3, "date": "2022-07-19T16:43:13.818Z", "image": "deckpics/2x2-150-green-sun-s-zenith_wuRU5uE.jpg"}}, {"model": "leagues.deck", "pk": 82, "fields": {"name": "Deadguy Ale", "mtgFormat": 1, "archetype": 14, "date": "2022-07-19T23:42:46.383Z", "image": "deckpics/rav-81-dark-confidant_eF3CJVL.jpg"}}, {"model": "leagues.flavor", "pk": 17, "fields": {"name": "Snoop", "deck": 27, "isdefault": false}}, {"model": "leagues.flavor", "pk": 19, "fields": {"name": "Yorion", "deck": 28, "isdefault": false}}, {"model": "leagues.flavor", "pk": 20, "fields": {"name": "none/stock", "deck": 29, "isdefault": true}}, {"model": "leagues.flavor", "pk": 21, "fields": {"name": "none/stock", "deck": 30, "isdefault": false}}, {"model": "leagues.flavor", "pk": 28, "fields": {"name": "none/stock", "deck": 33, "isdefault": true}}, {"model": "leagues.flavor", "pk": 29, "fields": {"name": "none/stock", "deck": 34, "isdefault": true}}, {"model": "leagues.flavor", "pk": 30, "fields": {"name": "none/stock", "deck": 35, "isdefault": true}}, {"model": "leagues.flavor", "pk": 31, "fields": {"name": "none/stock", "deck": 36, "isdefault": true}}, {"model": "leagues.flavor", "pk": 32, "fields": {"name": "none/stock", "deck": 27, "isdefault": true}}, {"model": "leagues.flavor", "pk": 33, "fields": {"name": "Food Chain", "deck": 27, "isdefault": false}}, {"model": "leagues.flavor", "pk": 34, "fields": {"name": "Turbo Muxus", "deck": 27, "isdefault": false}}, {"model": "leagues.flavor", "pk": 35, "fields": {"name": "none/stock", "deck": 28, "isdefault": true}}, {"model": "leagues.flavor", "pk": 37, "fields": {"name": "Jeskai", "deck": 37, "isdefault": true}}, {"model": "leagues.flavor", "pk": 38, "fields": {"name": "Bant", "deck": 37, "isdefault": false}}, {"model": "leagues.flavor", "pk": 39, "fields": {"name": "UW", "deck": 37, "isdefault": false}}, {"model": "leagues.flavor", "pk": 40, "fields": {"name": "UR", "deck": 31, "isdefault": true}}, {"model": "leagues.flavor", "pk": 41, "fields": {"name": "Delverless", "deck": 31, "isdefault": false}}, {"model": "leagues.flavor", "pk": 43, "fields": {"name": "Red", "deck": 38, "isdefault": true}}, {"model": "leagues.flavor", "pk": 44, "fields": {"name": "none/stock", "deck": 39, "isdefault": true}}, {"model": "leagues.flavor", "pk": 45, "fields": {"name": "4 color (no black)", "deck": 37, "isdefault": false}}, {"model": "leagues.flavor", "pk": 46, "fields": {"name": "4 color (no green)", "deck": 37, "isdefault": false}}, {"model": "leagues.flavor", "pk": 47, "fields": {"name": "none/stock", "deck": 40, "isdefault": false}}, {"model": "leagues.flavor", "pk": 48, "fields": {"name": "w/ stoneforge", "deck": 40, "isdefault": true}}, {"model": "leagues.flavor", "pk": 50, "fields": {"name": "Bant", "deck": 41, "isdefault": true}}, {"model": "leagues.flavor", "pk": 51, "fields": {"name": "Jeskai", "deck": 31, "isdefault": false}}, {"model": "leagues.flavor", "pk": 52, "fields": {"name": "none/stock", "deck": 42, "isdefault": true}}, {"model": "leagues.flavor", "pk": 54, "fields": {"name": "Punishing", "deck": 43, "isdefault": false}}, {"model": "leagues.flavor", "pk": 55, "fields": {"name": "GW Depths", "deck": 43, "isdefault": true}}, {"model": "leagues.flavor", "pk": 62, "fields": {"name": "Arcane Artisan", "deck": 60, "isdefault": false}}, {"model": "leagues.flavor", "pk": 63, "fields": {"name": "Esper", "deck": 37, "isdefault": false}}, {"model": "leagues.flavor", "pk": 65, "fields": {"name": "none/stock", "deck": 61, "isdefault": true}}, {"model": "leagues.flavor", "pk": 66, "fields": {"name": "none/stock", "deck": 60, "isdefault": true}}, {"model": "leagues.flavor", "pk": 71, "fields": {"name": "none/stock", "deck": 66, "isdefault": true}}, {"model": "leagues.flavor", "pk": 73, "fields": {"name": "none/stock", "deck": 68, "isdefault": true}}, {"model": "leagues.flavor", "pk": 74, "fields": {"name": "none/stock", "deck": 69, "isdefault": true}}, {"model": "leagues.flavor", "pk": 75, "fields": {"name": "none/stock", "deck": 70, "isdefault": true}}, {"model": "leagues.flavor", "pk": 76, "fields": {"name": "Death Fit", "deck": 70, "isdefault": false}}, {"model": "leagues.flavor", "pk": 77, "fields": {"name": "none/stock", "deck": 71, "isdefault": true}}, {"model": "leagues.flavor", "pk": 78, "fields": {"name": "none/stock", "deck": 72, "isdefault": true}}, {"model": "leagues.flavor", "pk": 79, "fields": {"name": "none/stock", "deck": 73, "isdefault": true}}, {"model": "leagues.flavor", "pk": 80, "fields": {"name": "none/stock", "deck": 74, "isdefault": true}}, {"model": "leagues.flavor", "pk": 81, "fields": {"name": "Turbo Depths", "deck": 74, "isdefault": false}}, {"model": "leagues.flavor", "pk": 82, "fields": {"name": "none/stock", "deck": 75, "isdefault": true}}, {"model": "leagues.flavor", "pk": 83, "fields": {"name": "none/stock", "deck": 76, "isdefault": true}}, {"model": "leagues.flavor", "pk": 84, "fields": {"name": "mono black", "deck": 74, "isdefault": false}}, {"model": "leagues.flavor", "pk": 85, "fields": {"name": "none/stock", "deck": 77, "isdefault": true}}, {"model": "leagues.flavor", "pk": 86, "fields": {"name": "none/stock", "deck": 78, "isdefault": true}}, {"model": "leagues.flavor", "pk": 87, "fields": {"name": "mono black", "deck": 79, "isdefault": true}}, {"model": "leagues.flavor", "pk": 88, "fields": {"name": "BG Loam Pox", "deck": 79, "isdefault": false}}, {"model": "leagues.flavor", "pk": 89, "fields": {"name": "Rainbow", "deck": 38, "isdefault": false}}, {"model": "leagues.flavor", "pk": 90, "fields": {"name": "Grixis", "deck": 37, "isdefault": false}}, {"model": "leagues.flavor", "pk": 91, "fields": {"name": "none/stock", "deck": 80, "isdefault": true}}, {"model": "leagues.flavor", "pk": 92, "fields": {"name": "RUG", "deck": 60, "isdefault": false}}, {"model": "leagues.flavor", "pk": 93, "fields": {"name": "none/stock", "deck": 81, "isdefault": true}}, {"model": "leagues.flavor", "pk": 94, "fields": {"name": "none/stock", "deck": 82, "isdefault": true}}, {"model": "leagues.flavor", "pk": 95, "fields": {"name": "RUG", "deck": 31, "isdefault": false}}, {"model": "leagues.league", "pk": 31, "fields": {"mtgFormat": 1, "mtgoUserName": "dummy", "user": 1, "date": "2022-07-03T06:38:04Z", "myDeck": 29, "myFlavor": 20, "isFinished": true}}, {"model": "leagues.league", "pk": 51, "fields": {"mtgFormat": 1, "mtgoUserName": "samus_ssp", "user": 1, "date": "2022-07-05T04:40:56Z", "myDeck": 38, "myFlavor": 43, "isFinished": true}}, {"model": "leagues.league", "pk": 55, "fields": {"mtgFormat": 1, "mtgoUserName": "samus_ssp", "user": 1, "date": "2022-07-05T22:36:37Z", "myDeck": 38, "myFlavor": 43, "isFinished": true}}, {"model": "leagues.league", "pk": 57, "fields": {"mtgFormat": 1, "mtgoUserName": "samus_ssp", "user": 1, "date": "2022-07-06T22:36:50Z", "myDeck": 38, "myFlavor": 43, "isFinished": true}}, {"model": "leagues.league", "pk": 58, "fields": {"mtgFormat": 1, "mtgoUserName": "samus_ssp", "user": 1, "date": "2022-07-07T06:22:06Z", "myDeck": 38, "myFlavor": 43, "isFinished": true}}, {"model": "leagues.league", "pk": 59, "fields": {"mtgFormat": 1, "mtgoUserName": "samus_ssp", "user": 1, "date": "2022-07-08T04:32:23Z", "myDeck": 38, "myFlavor": 43, "isFinished": true}}, {"model": "leagues.league", "pk": 60, "fields": {"mtgFormat": 1, "mtgoUserName": "samus_ssp", "user": 1, "date": "2022-07-08T06:40:46Z", "myDeck": 38, "myFlavor": 43, "isFinished": true}}, {"model": "leagues.league", "pk": 61, "fields": {"mtgFormat": 1, "mtgoUserName": "samus_ssp", "user": 1, "date": "2022-07-09T10:17:19Z", "myDeck": 38, "myFlavor": 43, "isFinished": true}}, {"model": "leagues.league", "pk": 62, "fields": {"mtgFormat": 1, "mtgoUserName": "samus_ssp", "user": 1, "date": "2022-07-12T06:23:43.514Z", "myDeck": 38, "myFlavor": 43, "isFinished": true}}, {"model": "leagues.league", "pk": 63, "fields": {"mtgFormat": 1, "mtgoUserName": "samus_ssp", "user": 1, "date": "2022-07-13T07:07:44.948Z", "myDeck": 38, "myFlavor": 43, "isFinished": true}}, {"model": "leagues.league", "pk": 64, "fields": {"mtgFormat": 1, "mtgoUserName": "samus_ssp", "user": 1, "date": "2022-07-13T22:33:48.239Z", "myDeck": 38, "myFlavor": 43, "isFinished": true}}, {"model": "leagues.league", "pk": 65, "fields": {"mtgFormat": 1, "mtgoUserName": "samus_ssp", "user": 1, "date": "2022-07-14T22:51:19.981Z", "myDeck": 29, "myFlavor": 20, "isFinished": true}}, {"model": "leagues.league", "pk": 66, "fields": {"mtgFormat": 1, "mtgoUserName": "samus_ssp", "user": 1, "date": "2022-07-16T06:34:10.617Z", "myDeck": 29, "myFlavor": 20, "isFinished": true}}, {"model": "leagues.league", "pk": 67, "fields": {"mtgFormat": 1, "mtgoUserName": "samus_ssp", "user": 1, "date": "2022-07-16T08:47:13.521Z", "myDeck": 29, "myFlavor": 20, "isFinished": false}}, {"model": "leagues.league", "pk": 68, "fields": {"mtgFormat": 1, "mtgoUserName": "samus_ssp", "user": 1, "date": "2022-07-16T14:17:11Z", "myDeck": 29, "myFlavor": 20, "isFinished": true}}, {"model": "leagues.league", "pk": 70, "fields": {"mtgFormat": 1, "mtgoUserName": "samus_ssp", "user": 1, "date": "2022-07-19T01:35:40.507Z", "myDeck": 79, "myFlavor": 88, "isFinished": true}}, {"model": "leagues.league", "pk": 71, "fields": {"mtgFormat": 1, "mtgoUserName": "samus_ssp", "user": 1, "date": "2022-07-19T06:38:57.053Z", "myDeck": 79, "myFlavor": 88, "isFinished": true}}, {"model": "leagues.league", "pk": 72, "fields": {"mtgFormat": 1, "mtgoUserName": null, "user": 5, "date": "2022-07-19T08:58:08.531Z", "myDeck": 27, "myFlavor": 32, "isFinished": true}}, {"model": "leagues.league", "pk": 73, "fields": {"mtgFormat": 1, "mtgoUserName": null, "user": 5, "date": "2022-07-19T14:20:12.414Z", "myDeck": 79, "myFlavor": 88, "isFinished": false}}, {"model": "leagues.league", "pk": 74, "fields": {"mtgFormat": 1, "mtgoUserName": "samus_ssp", "user": 1, "date": "2022-07-19T14:20:29.571Z", "myDeck": 79, "myFlavor": 88, "isFinished": true}}, {"model": "leagues.league", "pk": 75, "fields": {"mtgFormat": 1, "mtgoUserName": "samus_ssp", "user": 1, "date": "2022-07-20T06:17:04.113Z", "myDeck": 79, "myFlavor": 88, "isFinished": true}}, {"model": "leagues.league", "pk": 76, "fields": {"mtgFormat": 1, "mtgoUserName": "samus_ssp", "user": 1, "date": "2022-07-21T05:54:11.312Z", "myDeck": 38, "myFlavor": 43, "isFinished": false}}, {"model": "leagues.match", "pk": 116, "fields": {"date": "2022-07-03T00:00:00Z", "theirname": "treestem", "theirArchetype": 11, "theirDeck": 35, "theirFlavor": 20, "myDeck": 29, "myFlavor": null, "game1": false, "game2": true, "game3": false, "didjawin": false, "user": 1, "mtgFormat": 1, "league": 31}}, {"model": "leagues.match", "pk": 118, "fields": {"date": "2022-07-03T00:00:00Z", "theirname": "True_Tranquility", "theirArchetype": 12, "theirDeck": 36, "theirFlavor": 20, "myDeck": 29, "myFlavor": null, "game1": false, "game2": false, "game3": null, "didjawin": false, "user": 1, "mtgFormat": 1, "league": 31}}, {"model": "leagues.match", "pk": 133, "fields": {"date": "2022-07-05T00:00:00Z", "theirname": "LEGENDARY588", "theirArchetype": 1, "theirDeck": 28, "theirFlavor": 19, "myDeck": 29, "myFlavor": null, "game1": false, "game2": false, "game3": null, "didjawin": false, "user": 1, "mtgFormat": 1, "league": 31}}, {"model": "leagues.match", "pk": 134, "fields": {"date": "2022-07-05T00:00:00Z", "theirname": "VCF", "theirArchetype": 2, "theirDeck": 31, "theirFlavor": 40, "myDeck": 29, "myFlavor": null, "game1": false, "game2": false, "game3": false, "didjawin": false, "user": 1, "mtgFormat": 1, "league": 31}}, {"model": "leagues.match", "pk": 135, "fields": {"date": "2022-07-05T00:00:00Z", "theirname": "bcs8995", "theirArchetype": 10, "theirDeck": 39, "theirFlavor": 44, "myDeck": 38, "myFlavor": null, "game1": false, "game2": true, "game3": false, "didjawin": false, "user": 1, "mtgFormat": 1, "league": 51}}, {"model": "leagues.match", "pk": 136, "fields": {"date": "2022-07-05T00:00:00Z", "theirname": "IsisDR", "theirArchetype": 1, "theirDeck": 27, "theirFlavor": 33, "myDeck": 38, "myFlavor": null, "game1": false, "game2": false, "game3": false, "didjawin": false, "user": 1, "mtgFormat": 1, "league": 51}}, {"model": "leagues.match", "pk": 137, "fields": {"date": "2022-07-05T00:00:00Z", "theirname": "zMagnus", "theirArchetype": 10, "theirDeck": 33, "theirFlavor": 28, "myDeck": 38, "myFlavor": null, "game1": true, "game2": false, "game3": true, "didjawin": true, "user": 1, "mtgFormat": 1, "league": 51}}, {"model": "leagues.match", "pk": 138, "fields": {"date": "2022-07-05T00:00:00Z", "theirname": "mephidro", "theirArchetype": 5, "theirDeck": 30, "theirFlavor": 21, "myDeck": 38, "myFlavor": null, "game1": false, "game2": true, "game3": false, "didjawin": false, "user": 1, "mtgFormat": 1, "league": 51}}, {"model": "leagues.match", "pk": 139, "fields": {"date": "2022-07-05T00:00:00Z", "theirname": "fatto10", "theirArchetype": 2, "theirDeck": 31, "theirFlavor": 40, "myDeck": 38, "myFlavor": null, "game1": true, "game2": true, "game3": false, "didjawin": true, "user": 1, "mtgFormat": 1, "league": 51}}, {"model": "leagues.match", "pk": 147, "fields": {"date": "2022-07-06T00:00:00Z", "theirname": "LoggySD", "theirArchetype": 14, "theirDeck": 40, "theirFlavor": 48, "myDeck": 38, "myFlavor": null, "game1": true, "game2": false, "game3": true, "didjawin": true, "user": 1, "mtgFormat": 1, "league": 55}}, {"model": "leagues.match", "pk": 149, "fields": {"date": "2022-07-06T00:00:00Z", "theirname": "Kate_", "theirArchetype": 9, "theirDeck": 41, "theirFlavor": 50, "myDeck": 38, "myFlavor": null, "game1": true, "game2": true, "game3": false, "didjawin": true, "user": 1, "mtgFormat": 1, "league": 55}}, {"model": "leagues.match", "pk": 150, "fields": {"date": "2022-07-06T00:00:00Z", "theirname": "BalenciagaNBoba", "theirArchetype": 2, "theirDeck": 31, "theirFlavor": 51, "myDeck": 38, "myFlavor": null, "game1": true, "game2": true, "game3": false, "didjawin": true, "user": 1, "mtgFormat": 1, "league": 55}}, {"model": "leagues.match", "pk": 156, "fields": {"date": "2022-07-06T12:56:13Z", "theirname": "Rudabega", "theirArchetype": 13, "theirDeck": 37, "theirFlavor": 45, "myDeck": 38, "myFlavor": 43, "game1": true, "game2": true, "game3": null, "didjawin": true, "user": 1, "mtgFormat": 1, "league": 55}}, {"model": "leagues.match", "pk": 157, "fields": {"date": "2022-07-06T12:57:47Z", "theirname": "Gretorp", "theirArchetype": 13, "theirDeck": 37, "theirFlavor": 46, "myDeck": 38, "myFlavor": 43, "game1": true, "game2": true, "game3": null, "didjawin": true, "user": 1, "mtgFormat": 1, "league": 55}}, {"model": "leagues.match", "pk": 158, "fields": {"date": "2022-07-07T00:00:00Z", "theirname": "Didackith", "theirArchetype": 12, "theirDeck": 42, "theirFlavor": 52, "myDeck": 38, "myFlavor": null, "game1": true, "game2": false, "game3": false, "didjawin": false, "user": 1, "mtgFormat": 1, "league": 57}}, {"model": "leagues.match", "pk": 159, "fields": {"date": "2022-07-07T00:00:00Z", "theirname": "duckduckmongoose", "theirArchetype": 12, "theirDeck": 43, "theirFlavor": 54, "myDeck": 38, "myFlavor": null, "game1": true, "game2": true, "game3": null, "didjawin": true, "user": 1, "mtgFormat": 1, "league": 57}}, {"model": "leagues.match", "pk": 160, "fields": {"date": "2022-07-07T00:00:00Z", "theirname": "Alaman123", "theirArchetype": 1, "theirDeck": 28, "theirFlavor": 19, "myDeck": 38, "myFlavor": null, "game1": true, "game2": true, "game3": null, "didjawin": true, "user": 1, "mtgFormat": 1, "league": 57}}, {"model": "leagues.match", "pk": 161, "fields": {"date": "2022-07-07T00:00:00Z", "theirname": "ManavonRX", "theirArchetype": 13, "theirDeck": 37, "theirFlavor": 39, "myDeck": 38, "myFlavor": null, "game1": true, "game2": false, "game3": true, "didjawin": true, "user": 1, "mtgFormat": 1, "league": 57}}, {"model": "leagues.match", "pk": 162, "fields": {"date": "2022-07-07T00:00:00Z", "theirname": "PapaNo", "theirArchetype": 10, "theirDeck": 60, "theirFlavor": 62, "myDeck": 38, "myFlavor": null, "game1": true, "game2": true, "game3": null, "didjawin": true, "user": 1, "mtgFormat": 1, "league": 57}}, {"model": "leagues.match", "pk": 163, "fields": {"date": "2022-07-07T00:00:00Z", "theirname": "easymoneymarksman", "theirArchetype": 2, "theirDeck": 31, "theirFlavor": 40, "myDeck": 38, "myFlavor": 43, "game1": false, "game2": true, "game3": false, "didjawin": false, "user": 1, "mtgFormat": 1, "league": 58}}, {"model": "leagues.match", "pk": 164, "fields": {"date": "2022-07-07T00:00:00Z", "theirname": "7an", "theirArchetype": 13, "theirDeck": 37, "theirFlavor": 37, "myDeck": 38, "myFlavor": 43, "game1": true, "game2": false, "game3": true, "didjawin": true, "user": 1, "mtgFormat": 1, "league": 58}}, {"model": "leagues.match", "pk": 165, "fields": {"date": "2022-07-07T00:00:00Z", "theirname": "FGC", "theirArchetype": 13, "theirDeck": 37, "theirFlavor": 63, "myDeck": 38, "myFlavor": 43, "game1": true, "game2": true, "game3": null, "didjawin": true, "user": 1, "mtgFormat": 1, "league": 58}}, {"model": "leagues.match", "pk": 166, "fields": {"date": "2022-07-07T00:00:00Z", "theirname": "TGB12", "theirArchetype": 13, "theirDeck": 37, "theirFlavor": 45, "myDeck": 38, "myFlavor": null, "game1": true, "game2": false, "game3": true, "didjawin": true, "user": 1, "mtgFormat": 1, "league": 58}}, {"model": "leagues.match", "pk": 167, "fields": {"date": "2022-07-08T00:00:00Z", "theirname": "Shamancuck", "theirArchetype": 2, "theirDeck": 61, "theirFlavor": 65, "myDeck": 38, "myFlavor": null, "game1": true, "game2": false, "game3": false, "didjawin": false, "user": 1, "mtgFormat": 1, "league": 58}}, {"model": "leagues.match", "pk": 168, "fields": {"date": "2022-07-08T00:00:00Z", "theirname": "Rhodomyrtus_81", "theirArchetype": 2, "theirDeck": 31, "theirFlavor": 40, "myDeck": 38, "myFlavor": null, "game1": false, "game2": true, "game3": true, "didjawin": true, "user": 1, "mtgFormat": 1, "league": 59}}, {"model": "leagues.match", "pk": 169, "fields": {"date": "2022-07-08T00:00:00Z", "theirname": "JohnBeGone", "theirArchetype": 9, "theirDeck": 38, "theirFlavor": 43, "myDeck": 38, "myFlavor": null, "game1": true, "game2": false, "game3": false, "didjawin": false, "user": 1, "mtgFormat": 1, "league": 59}}, {"model": "leagues.match", "pk": 170, "fields": {"date": "2022-07-08T00:00:00Z", "theirname": "Kaziku", "theirArchetype": 10, "theirDeck": 60, "theirFlavor": 66, "myDeck": 38, "myFlavor": null, "game1": true, "game2": true, "game3": null, "didjawin": true, "user": 1, "mtgFormat": 1, "league": 59}}, {"model": "leagues.match", "pk": 171, "fields": {"date": "2022-07-08T00:00:00Z", "theirname": "SEJG18", "theirArchetype": 13, "theirDeck": 37, "theirFlavor": 38, "myDeck": 38, "myFlavor": null, "game1": true, "game2": false, "game3": true, "didjawin": true, "user": 1, "mtgFormat": 1, "league": 59}}, {"model": "leagues.match", "pk": 172, "fields": {"date": "2022-07-08T00:00:00Z", "theirname": "Idea013", "theirArchetype": 11, "theirDeck": 35, "theirFlavor": 30, "myDeck": 38, "myFlavor": null, "game1": true, "game2": true, "game3": null, "didjawin": true, "user": 1, "mtgFormat": 1, "league": 59}}, {"model": "leagues.match", "pk": 173, "fields": {"date": "2022-07-08T00:00:00Z", "theirname": "Pernobyl", "theirArchetype": 13, "theirDeck": 37, "theirFlavor": 37, "myDeck": 38, "myFlavor": null, "game1": true, "game2": true, "game3": null, "didjawin": true, "user": 1, "mtgFormat": 1, "league": 60}}, {"model": "leagues.match", "pk": 174, "fields": {"date": "2022-07-09T00:00:00Z", "theirname": "buildorburn", "theirArchetype": 10, "theirDeck": 33, "theirFlavor": 28, "myDeck": 38, "myFlavor": null, "game1": true, "game2": true, "game3": null, "didjawin": true, "user": 1, "mtgFormat": 1, "league": 60}}, {"model": "leagues.match", "pk": 175, "fields": {"date": "2022-07-09T00:00:00Z", "theirname": "Yamaro", "theirArchetype": 13, "theirDeck": 37, "theirFlavor": 38, "myDeck": 38, "myFlavor": null, "game1": false, "game2": true, "game3": true, "didjawin": true, "user": 1, "mtgFormat": 1, "league": 60}}, {"model": "leagues.match", "pk": 176, "fields": {"date": "2022-07-09T00:00:00Z", "theirname": "bjarnearne", "theirArchetype": 2, "theirDeck": 31, "theirFlavor": 51, "myDeck": 38, "myFlavor": null, "game1": true, "game2": false, "game3": true, "didjawin": true, "user": 1, "mtgFormat": 1, "league": 60}}, {"model": "leagues.match", "pk": 177, "fields": {"date": "2022-07-09T00:00:00Z", "theirname": "ScreenwriterNY", "theirArchetype": 5, "theirDeck": 66, "theirFlavor": 71, "myDeck": 38, "myFlavor": null, "game1": true, "game2": true, "game3": null, "didjawin": true, "user": 1, "mtgFormat": 1, "league": 60}}, {"model": "leagues.match", "pk": 178, "fields": {"date": "2022-07-10T00:00:00Z", "theirname": "JohnBeGone", "theirArchetype": 10, "theirDeck": 60, "theirFlavor": 66, "myDeck": 38, "myFlavor": null, "game1": true, "game2": false, "game3": false, "didjawin": false, "user": 1, "mtgFormat": 1, "league": 61}}, {"model": "leagues.match", "pk": 179, "fields": {"date": "2022-07-10T00:00:00Z", "theirname": "Scalmos", "theirArchetype": 1, "theirDeck": 28, "theirFlavor": 19, "myDeck": 38, "myFlavor": null, "game1": true, "game2": true, "game3": null, "didjawin": true, "user": 1, "mtgFormat": 1, "league": 61}}, {"model": "leagues.match", "pk": 180, "fields": {"date": "2022-07-10T00:00:00Z", "theirname": "gamemaker", "theirArchetype": 2, "theirDeck": 68, "theirFlavor": 73, "myDeck": 38, "myFlavor": null, "game1": false, "game2": true, "game3": false, "didjawin": false, "user": 1, "mtgFormat": 1, "league": 61}}, {"model": "leagues.match", "pk": 181, "fields": {"date": "2022-07-10T00:00:00Z", "theirname": "umeck", "theirArchetype": 2, "theirDeck": 68, "theirFlavor": 73, "myDeck": 38, "myFlavor": null, "game1": false, "game2": false, "game3": null, "didjawin": false, "user": 1, "mtgFormat": 1, "league": 61}}, {"model": "leagues.match", "pk": 183, "fields": {"date": "2022-07-12T00:00:00Z", "theirname": "Purplegambit", "theirArchetype": 13, "theirDeck": 37, "theirFlavor": 37, "myDeck": 38, "myFlavor": null, "game1": true, "game2": false, "game3": false, "didjawin": false, "user": 1, "mtgFormat": 1, "league": 61}}, {"model": "leagues.match", "pk": 184, "fields": {"date": "2022-07-12T00:00:00Z", "theirname": "gnorilgrande", "theirArchetype": 9, "theirDeck": 69, "theirFlavor": 74, "myDeck": 38, "myFlavor": null, "game1": false, "game2": false, "game3": null, "didjawin": false, "user": 1, "mtgFormat": 1, "league": 62}}, {"model": "leagues.match", "pk": 185, "fields": {"date": "2022-07-13T00:00:00Z", "theirname": "Koike", "theirArchetype": 14, "theirDeck": 70, "theirFlavor": 76, "myDeck": 38, "myFlavor": null, "game1": true, "game2": true, "game3": null, "didjawin": true, "user": 1, "mtgFormat": 1, "league": 62}}, {"model": "leagues.match", "pk": 186, "fields": {"date": "2022-07-13T00:00:00Z", "theirname": "LewisCBR", "theirArchetype": 9, "theirDeck": 69, "theirFlavor": 74, "myDeck": 38, "myFlavor": null, "game1": true, "game2": true, "game3": null, "didjawin": true, "user": 1, "mtgFormat": 1, "league": 62}}, {"model": "leagues.match", "pk": 187, "fields": {"date": "2022-07-13T00:00:00Z", "theirname": "Gn42", "theirArchetype": 13, "theirDeck": 37, "theirFlavor": 37, "myDeck": 38, "myFlavor": null, "game1": true, "game2": true, "game3": null, "didjawin": true, "user": 1, "mtgFormat": 1, "league": 62}}, {"model": "leagues.match", "pk": 188, "fields": {"date": "2022-07-13T00:00:00Z", "theirname": "CloutgoatRanger", "theirArchetype": 9, "theirDeck": 38, "theirFlavor": 43, "myDeck": 38, "myFlavor": null, "game1": false, "game2": false, "game3": null, "didjawin": false, "user": 1, "mtgFormat": 1, "league": 62}}, {"model": "leagues.match", "pk": 189, "fields": {"date": "2022-07-13T00:00:00Z", "theirname": "sandahl123", "theirArchetype": 5, "theirDeck": 30, "theirFlavor": 21, "myDeck": 38, "myFlavor": null, "game1": false, "game2": false, "game3": null, "didjawin": false, "user": 1, "mtgFormat": 1, "league": 63}}, {"model": "leagues.match", "pk": 190, "fields": {"date": "2022-07-13T00:00:00Z", "theirname": "repia1152", "theirArchetype": 9, "theirDeck": 38, "theirFlavor": 43, "myDeck": 38, "myFlavor": null, "game1": true, "game2": true, "game3": null, "didjawin": true, "user": 1, "mtgFormat": 1, "league": 63}}, {"model": "leagues.match", "pk": 191, "fields": {"date": "2022-07-13T00:00:00Z", "theirname": "AlessioC", "theirArchetype": 10, "theirDeck": 33, "theirFlavor": 28, "myDeck": 38, "myFlavor": null, "game1": false, "game2": false, "game3": null, "didjawin": false, "user": 1, "mtgFormat": 1, "league": 63}}, {"model": "leagues.match", "pk": 192, "fields": {"date": "2022-07-13T00:00:00Z", "theirname": "Armads21", "theirArchetype": 13, "theirDeck": 37, "theirFlavor": 37, "myDeck": 38, "myFlavor": null, "game1": false, "game2": false, "game3": null, "didjawin": false, "user": 1, "mtgFormat": 1, "league": 63}}, {"model": "leagues.match", "pk": 193, "fields": {"date": "2022-07-13T00:00:00Z", "theirname": "Utsunomiya", "theirArchetype": 10, "theirDeck": 71, "theirFlavor": 77, "myDeck": 38, "myFlavor": null, "game1": false, "game2": false, "game3": null, "didjawin": false, "user": 1, "mtgFormat": 1, "league": 63}}, {"model": "leagues.match", "pk": 194, "fields": {"date": "2022-07-14T00:00:00Z", "theirname": "Moonmadness-_-", "theirArchetype": 12, "theirDeck": 43, "theirFlavor": 55, "myDeck": 38, "myFlavor": null, "game1": false, "game2": true, "game3": false, "didjawin": false, "user": 1, "mtgFormat": 1, "league": 64}}, {"model": "leagues.match", "pk": 195, "fields": {"date": "2022-07-14T00:00:00Z", "theirname": "clan", "theirArchetype": 10, "theirDeck": 72, "theirFlavor": 78, "myDeck": 38, "myFlavor": null, "game1": false, "game2": true, "game3": true, "didjawin": true, "user": 1, "mtgFormat": 1, "league": 64}}, {"model": "leagues.match", "pk": 196, "fields": {"date": "2022-07-14T00:00:00Z", "theirname": "TonyScapone", "theirArchetype": 10, "theirDeck": 39, "theirFlavor": 44, "myDeck": 38, "myFlavor": null, "game1": true, "game2": false, "game3": false, "didjawin": false, "user": 1, "mtgFormat": 1, "league": 64}}, {"model": "leagues.match", "pk": 197, "fields": {"date": "2022-07-14T00:00:00Z", "theirname": "mizu_hanabi", "theirArchetype": 9, "theirDeck": 38, "theirFlavor": 43, "myDeck": 38, "myFlavor": null, "game1": true, "game2": false, "game3": false, "didjawin": false, "user": 1, "mtgFormat": 1, "league": 64}}, {"model": "leagues.match", "pk": 198, "fields": {"date": "2022-07-14T00:00:00Z", "theirname": "Seulgi", "theirArchetype": 9, "theirDeck": 73, "theirFlavor": 79, "myDeck": 38, "myFlavor": null, "game1": true, "game2": true, "game3": null, "didjawin": true, "user": 1, "mtgFormat": 1, "league": 64}}, {"model": "leagues.match", "pk": 199, "fields": {"date": "2022-07-15T00:00:00Z", "theirname": "Cpt_Comic", "theirArchetype": 9, "theirDeck": 74, "theirFlavor": 81, "myDeck": 29, "myFlavor": null, "game1": false, "game2": false, "game3": null, "didjawin": false, "user": 1, "mtgFormat": 1, "league": 65}}, {"model": "leagues.match", "pk": 200, "fields": {"date": "2022-07-15T00:00:00Z", "theirname": "clan", "theirArchetype": 10, "theirDeck": 72, "theirFlavor": 78, "myDeck": 29, "myFlavor": null, "game1": false, "game2": true, "game3": true, "didjawin": true, "user": 1, "mtgFormat": 1, "league": 65}}, {"model": "leagues.match", "pk": 201, "fields": {"date": "2022-07-15T00:00:00Z", "theirname": "easymoneymarksman", "theirArchetype": 2, "theirDeck": 75, "theirFlavor": 82, "myDeck": 29, "myFlavor": null, "game1": true, "game2": false, "game3": false, "didjawin": false, "user": 1, "mtgFormat": 1, "league": 65}}, {"model": "leagues.match", "pk": 202, "fields": {"date": "2022-07-15T00:00:00Z", "theirname": "Bobovic", "theirArchetype": 11, "theirDeck": 35, "theirFlavor": 30, "myDeck": 29, "myFlavor": null, "game1": false, "game2": true, "game3": false, "didjawin": false, "user": 1, "mtgFormat": 1, "league": 65}}, {"model": "leagues.match", "pk": 203, "fields": {"date": "2022-07-15T00:00:00Z", "theirname": "Coldsnaps", "theirArchetype": 2, "theirDeck": 31, "theirFlavor": 40, "myDeck": 29, "myFlavor": null, "game1": false, "game2": false, "game3": null, "didjawin": false, "user": 1, "mtgFormat": 1, "league": 65}}, {"model": "leagues.match", "pk": 204, "fields": {"date": "2022-07-16T00:00:00Z", "theirname": "LoggySD", "theirArchetype": 12, "theirDeck": 76, "theirFlavor": 83, "myDeck": 29, "myFlavor": null, "game1": false, "game2": false, "game3": null, "didjawin": false, "user": 1, "mtgFormat": 1, "league": 66}}, {"model": "leagues.match", "pk": 205, "fields": {"date": "2022-07-16T00:00:00Z", "theirname": "coert", "theirArchetype": 9, "theirDeck": 74, "theirFlavor": 84, "myDeck": 29, "myFlavor": null, "game1": false, "game2": false, "game3": null, "didjawin": false, "user": 1, "mtgFormat": 1, "league": 66}}, {"model": "leagues.match", "pk": 206, "fields": {"date": "2022-07-16T00:00:00Z", "theirname": "Chomusukeon", "theirArchetype": 12, "theirDeck": 43, "theirFlavor": 55, "myDeck": 29, "myFlavor": null, "game1": true, "game2": false, "game3": false, "didjawin": false, "user": 1, "mtgFormat": 1, "league": 66}}, {"model": "leagues.match", "pk": 207, "fields": {"date": "2022-07-16T00:00:00Z", "theirname": "djhodurase", "theirArchetype": 9, "theirDeck": 38, "theirFlavor": 43, "myDeck": 29, "myFlavor": null, "game1": true, "game2": true, "game3": null, "didjawin": true, "user": 1, "mtgFormat": 1, "league": 66}}, {"model": "leagues.match", "pk": 208, "fields": {"date": "2022-07-16T00:00:00Z", "theirname": "tlb19", "theirArchetype": 15, "theirDeck": 77, "theirFlavor": 85, "myDeck": 29, "myFlavor": null, "game1": true, "game2": true, "game3": null, "didjawin": true, "user": 1, "mtgFormat": 1, "league": 66}}, {"model": "leagues.match", "pk": 209, "fields": {"date": "2022-07-17T00:00:00Z", "theirname": "mcguirecj", "theirArchetype": 11, "theirDeck": 78, "theirFlavor": 86, "myDeck": 38, "myFlavor": null, "game1": false, "game2": true, "game3": false, "didjawin": false, "user": 1, "mtgFormat": 1, "league": 68}}, {"model": "leagues.match", "pk": 210, "fields": {"date": "2022-07-18T00:00:00Z", "theirname": "hoffi1985", "theirArchetype": 10, "theirDeck": 60, "theirFlavor": 66, "myDeck": 38, "myFlavor": null, "game1": false, "game2": true, "game3": true, "didjawin": true, "user": 1, "mtgFormat": 1, "league": 68}}, {"model": "leagues.match", "pk": 211, "fields": {"date": "2022-07-18T00:00:00Z", "theirname": "Gandalf_the_Grey", "theirArchetype": 12, "theirDeck": 76, "theirFlavor": 83, "myDeck": 38, "myFlavor": null, "game1": false, "game2": false, "game3": null, "didjawin": false, "user": 1, "mtgFormat": 1, "league": 68}}, {"model": "leagues.match", "pk": 212, "fields": {"date": "2022-07-19T00:00:00Z", "theirname": "korean702", "theirArchetype": 2, "theirDeck": 31, "theirFlavor": 40, "myDeck": 38, "myFlavor": null, "game1": true, "game2": false, "game3": false, "didjawin": false, "user": 1, "mtgFormat": 1, "league": 68}}, {"model": "leagues.match", "pk": 213, "fields": {"date": "2022-07-19T00:00:00Z", "theirname": "AlessioC", "theirArchetype": 10, "theirDeck": 33, "theirFlavor": 28, "myDeck": 38, "myFlavor": null, "game1": false, "game2": false, "game3": null, "didjawin": false, "user": 1, "mtgFormat": 1, "league": 68}}, {"model": "leagues.match", "pk": 214, "fields": {"date": "2022-07-19T00:00:00Z", "theirname": "SwwampySwamp", "theirArchetype": 9, "theirDeck": 38, "theirFlavor": 89, "myDeck": 79, "myFlavor": null, "game1": false, "game2": true, "game3": true, "didjawin": true, "user": 1, "mtgFormat": 1, "league": 70}}, {"model": "leagues.match", "pk": 215, "fields": {"date": "2022-07-19T00:00:00Z", "theirname": "YungDino", "theirArchetype": 13, "theirDeck": 37, "theirFlavor": 90, "myDeck": 79, "myFlavor": null, "game1": true, "game2": true, "game3": null, "didjawin": true, "user": 1, "mtgFormat": 1, "league": 70}}, {"model": "leagues.match", "pk": 216, "fields": {"date": "2022-07-19T00:00:00Z", "theirname": "VCF", "theirArchetype": 10, "theirDeck": 33, "theirFlavor": 28, "myDeck": 79, "myFlavor": null, "game1": false, "game2": true, "game3": true, "didjawin": true, "user": 1, "mtgFormat": 1, "league": 70}}, {"model": "leagues.match", "pk": 217, "fields": {"date": "2022-07-19T00:00:00Z", "theirname": "OlleR", "theirArchetype": 9, "theirDeck": 69, "theirFlavor": 74, "myDeck": 79, "myFlavor": null, "game1": false, "game2": true, "game3": false, "didjawin": false, "user": 1, "mtgFormat": 1, "league": 70}}, {"model": "leagues.match", "pk": 218, "fields": {"date": "2022-07-19T00:00:00Z", "theirname": "Finntinsic", "theirArchetype": 9, "theirDeck": 80, "theirFlavor": 91, "myDeck": 79, "myFlavor": null, "game1": true, "game2": false, "game3": false, "didjawin": false, "user": 1, "mtgFormat": 1, "league": 70}}, {"model": "leagues.match", "pk": 219, "fields": {"date": "2022-07-19T00:00:00Z", "theirname": "jluna528", "theirArchetype": 9, "theirDeck": 69, "theirFlavor": 74, "myDeck": 79, "myFlavor": null, "game1": true, "game2": true, "game3": null, "didjawin": true, "user": 1, "mtgFormat": 1, "league": 71}}, {"model": "leagues.match", "pk": 220, "fields": {"date": "2022-07-19T00:00:00Z", "theirname": "Pulpunte", "theirArchetype": 10, "theirDeck": 60, "theirFlavor": 92, "myDeck": 79, "myFlavor": null, "game1": false, "game2": false, "game3": null, "didjawin": false, "user": 1, "mtgFormat": 1, "league": 71}}, {"model": "leagues.match", "pk": 221, "fields": {"date": "2022-07-19T00:00:00Z", "theirname": "bennante3050", "theirArchetype": 2, "theirDeck": 31, "theirFlavor": 40, "myDeck": 79, "myFlavor": null, "game1": true, "game2": true, "game3": null, "didjawin": true, "user": 1, "mtgFormat": 1, "league": 71}}, {"model": "leagues.match", "pk": 222, "fields": {"date": "2022-07-19T00:00:00Z", "theirname": "Supercazzola", "theirArchetype": 13, "theirDeck": 37, "theirFlavor": 39, "myDeck": 79, "myFlavor": null, "game1": false, "game2": true, "game3": false, "didjawin": false, "user": 1, "mtgFormat": 1, "league": 71}}, {"model": "leagues.match", "pk": 223, "fields": {"date": "2022-07-19T00:00:00Z", "theirname": "jluna528", "theirArchetype": 9, "theirDeck": 69, "theirFlavor": 74, "myDeck": 79, "myFlavor": null, "game1": false, "game2": false, "game3": null, "didjawin": false, "user": 1, "mtgFormat": 1, "league": 71}}, {"model": "leagues.match", "pk": 224, "fields": {"date": "2022-07-19T00:00:00Z", "theirname": "7an", "theirArchetype": 13, "theirDeck": 37, "theirFlavor": 37, "myDeck": 27, "myFlavor": null, "game1": true, "game2": false, "game3": true, "didjawin": true, "user": 5, "mtgFormat": 1, "league": 72}}, {"model": "leagues.match", "pk": 225, "fields": {"date": "2022-07-19T00:00:00Z", "theirname": "bcs8995", "theirArchetype": 10, "theirDeck": 39, "theirFlavor": 44, "myDeck": 27, "myFlavor": null, "game1": true, "game2": false, "game3": false, "didjawin": false, "user": 5, "mtgFormat": 1, "league": 72}}, {"model": "leagues.match", "pk": 226, "fields": {"date": "2022-07-19T00:00:00Z", "theirname": "Armads21", "theirArchetype": 13, "theirDeck": 37, "theirFlavor": 37, "myDeck": 27, "myFlavor": null, "game1": false, "game2": true, "game3": true, "didjawin": true, "user": 5, "mtgFormat": 1, "league": 72}}, {"model": "leagues.match", "pk": 227, "fields": {"date": "2022-07-19T00:00:00Z", "theirname": "bjarnearne", "theirArchetype": 2, "theirDeck": 31, "theirFlavor": 40, "myDeck": 27, "myFlavor": null, "game1": false, "game2": true, "game3": false, "didjawin": false, "user": 5, "mtgFormat": 1, "league": 72}}, {"model": "leagues.match", "pk": 228, "fields": {"date": "2022-07-19T00:00:00Z", "theirname": "clan", "theirArchetype": 10, "theirDeck": 72, "theirFlavor": 78, "myDeck": 27, "myFlavor": null, "game1": false, "game2": true, "game3": true, "didjawin": true, "user": 5, "mtgFormat": 1, "league": 72}}, {"model": "leagues.match", "pk": 229, "fields": {"date": "2022-07-19T00:00:00Z", "theirname": "Stuuch", "theirArchetype": 14, "theirDeck": 82, "theirFlavor": 94, "myDeck": 79, "myFlavor": null, "game1": true, "game2": false, "game3": true, "didjawin": true, "user": 1, "mtgFormat": 1, "league": 74}}, {"model": "leagues.match", "pk": 230, "fields": {"date": "2022-07-19T00:00:00Z", "theirname": "Supercazzola", "theirArchetype": 13, "theirDeck": 37, "theirFlavor": 37, "myDeck": 79, "myFlavor": null, "game1": false, "game2": false, "game3": null, "didjawin": false, "user": 1, "mtgFormat": 1, "league": 74}}, {"model": "leagues.match", "pk": 231, "fields": {"date": "2022-07-19T00:00:00Z", "theirname": "GabbaGandalf", "theirArchetype": 2, "theirDeck": 75, "theirFlavor": 82, "myDeck": 79, "myFlavor": null, "game1": true, "game2": true, "game3": null, "didjawin": true, "user": 1, "mtgFormat": 1, "league": 74}}, {"model": "leagues.match", "pk": 232, "fields": {"date": "2022-07-19T00:00:00Z", "theirname": "kl0gW", "theirArchetype": 10, "theirDeck": 33, "theirFlavor": 28, "myDeck": 79, "myFlavor": null, "game1": true, "game2": false, "game3": false, "didjawin": false, "user": 1, "mtgFormat": 1, "league": 74}}, {"model": "leagues.match", "pk": 233, "fields": {"date": "2022-07-19T00:00:00Z", "theirname": "sjbode", "theirArchetype": 2, "theirDeck": 31, "theirFlavor": 95, "myDeck": 79, "myFlavor": null, "game1": true, "game2": true, "game3": null, "didjawin": true, "user": 1, "mtgFormat": 1, "league": 74}}, {"model": "leagues.match", "pk": 234, "fields": {"date": "2022-07-20T00:00:00Z", "theirname": "_maddy", "theirArchetype": 9, "theirDeck": 69, "theirFlavor": 74, "myDeck": 79, "myFlavor": null, "game1": true, "game2": true, "game3": null, "didjawin": true, "user": 1, "mtgFormat": 1, "league": 75}}, {"model": "leagues.match", "pk": 235, "fields": {"date": "2022-07-20T00:00:00Z", "theirname": "otakkun", "theirArchetype": 11, "theirDeck": 35, "theirFlavor": 30, "myDeck": 79, "myFlavor": null, "game1": true, "game2": false, "game3": false, "didjawin": false, "user": 1, "mtgFormat": 1, "league": 75}}, {"model": "leagues.match", "pk": 236, "fields": {"date": "2022-07-20T00:00:00Z", "theirname": "kristofff", "theirArchetype": 14, "theirDeck": 79, "theirFlavor": 88, "myDeck": 79, "myFlavor": null, "game1": true, "game2": true, "game3": null, "didjawin": true, "user": 1, "mtgFormat": 1, "league": 75}}, {"model": "leagues.match", "pk": 237, "fields": {"date": "2022-07-20T00:00:00Z", "theirname": "korean702", "theirArchetype": 2, "theirDeck": 31, "theirFlavor": 40, "myDeck": 79, "myFlavor": null, "game1": true, "game2": false, "game3": true, "didjawin": true, "user": 1, "mtgFormat": 1, "league": 75}}, {"model": "leagues.match", "pk": 238, "fields": {"date": "2022-07-20T00:00:00Z", "theirname": "otakkun", "theirArchetype": 11, "theirDeck": 35, "theirFlavor": 30, "myDeck": 79, "myFlavor": null, "game1": true, "game2": false, "game3": false, "didjawin": false, "user": 1, "mtgFormat": 1, "league": 75}}, {"model": "leagues.match", "pk": 239, "fields": {"date": "2022-07-21T00:00:00Z", "theirname": "BalenciagaNBoba", "theirArchetype": 2, "theirDeck": 31, "theirFlavor": 51, "myDeck": 38, "myFlavor": null, "game1": true, "game2": false, "game3": true, "didjawin": true, "user": 1, "mtgFormat": 1, "league": 76}}, {"model": "leagues.match", "pk": 240, "fields": {"date": "2022-07-21T00:00:00Z", "theirname": "maniac-2", "theirArchetype": 5, "theirDeck": 30, "theirFlavor": 21, "myDeck": 38, "myFlavor": null, "game1": false, "game2": false, "game3": null, "didjawin": false, "user": 1, "mtgFormat": 1, "league": 76}}, {"model": "leagues.match", "pk": 241, "fields": {"date": "2022-07-21T00:00:00Z", "theirname": "sarcoma", "theirArchetype": 12, "theirDeck": 43, "theirFlavor": 55, "myDeck": 38, "myFlavor": null, "game1": false, "game2": true, "game3": true, "didjawin": true, "user": 1, "mtgFormat": 1, "league": 76}}, {"model": "leagues.match", "pk": 242, "fields": {"date": "2022-07-21T00:00:00Z", "theirname": "Andreas_Mueller", "theirArchetype": 2, "theirDeck": 75, "theirFlavor": 82, "myDeck": 38, "myFlavor": null, "game1": false, "game2": false, "game3": null, "didjawin": false, "user": 1, "mtgFormat": 1, "league": 76}}, {"model": "users.profile", "pk": 4, "fields": {"user": 1, "recentFormat": 1, "recentDeck": 38, "recentFlavor": 43, "mtgoUserName": "samus_ssp"}}, {"model": "users.profile", "pk": 5, "fields": {"user": 5, "recentFormat": 1, "recentDeck": 79, "recentFlavor": 88, "mtgoUserName": null}}]